vessel,arr,b_start,b_end,dt,tt,dep,port,src
Беркут,2020-08-08 08:30,2023-01-25 18:05,2023-01-25 19:10,27.38,,,Баутино,2023-09-12_1800_
GC Berkut,2020-08-08 08:30,2023-01-25 18:05,2023-01-25 19:10,27.38,,,Баутино,2025-09-30_1038_
Астана,2022-01-07 23:00,2022-01-08 00:40,2022-01-08 02:00,50.0,,2022-01-08 02:50,146 район,2026-09-11_0856_
Туркестан,2022-01-07 12:00,2022-01-11 18:30,2022-01-11 19:10,20.0,,2022-01-11 19:30,146 район,2026-09-11_0856_
Алматы,2022-01-12 12:00,2022-01-13 04:30,2022-01-13 05:10,30.0,,2022-01-13 05:30,146 район,2026-09-11_0856_
Астана,2022-01-14 20:00,2022-01-15 20:00,2022-01-15 20:45,30.0,,2022-01-15 21:45,146 район,2026-09-11_0856_
Алматы,2022-01-21 18:30,2022-01-21 11:35,2022-01-21 14:00,30.0,,2022-01-21 13:10,146 район,2026-09-11_0856_
Астана,2022-01-24 16:00,2022-01-24 19:20,2022-01-24 19:40,10.0,,2022-01-24 19:50,146 район,2026-09-11_0856_
Туркестан,2022-01-26 04:40,2022-01-28 18:40,2022-01-28 19:40,5.0,,2022-01-28 21:10,146 район,2026-09-11_0856_
Астана,2022-01-28 03:25,2022-01-30 00:20,2022-01-30 02:00,55.0,,2022-01-30 02:30,146 район,2026-09-11_0856_
Алматы,2022-01-28 15:55,2022-01-30 04:35,2022-01-30 05:45,55.0,,2022-01-30 06:20,146 район,2026-09-11_0856_
Туркестан,2022-01-26 04:40,2022-01-30 09:00,2022-01-30 10:00,30.0,,2022-01-30 10:30,146 район,2026-09-11_0856_
ТК Актау,2022-01-25 21:20,2022-01-30 11:30,2022-01-30 12:30,50.0,,2022-01-30 13:00,146 район,2026-09-11_0856_
ТК Актау,2022-01-31 13:00,2022-01-31 22:00,2022-02-01 00:20,100.0,,2022-02-01 16:00,п.актау,2025-09-30_1038_
Бекет-Ата,2022-02-01 01:45,2022-02-02 23:50,2022-02-03 01:35,60.0,,2022-02-03 02:10,146 район,2026-09-11_0856_
MCV Barys,2022-02-03 09:00,2022-02-04 12:40,2022-02-04 20:55,55.5,,,п.актау,2023-09-12_1800_
GC Barys,2022-02-03 09:00,2022-02-04 12:40,2022-02-04 20:55,55.5,,,п.актау,2025-09-30_1038_
MCV Barys,2022-02-03 09:00,2022-02-03 17:05,2022-02-03 18:50,39.8,,2022-02-08 02:10,п.актау,2023-09-12_1800_
GC Barys,2022-02-03 09:00,2022-02-03 17:05,2022-02-03 18:50,39.8,,2022-02-08 02:10,п.актау,2025-09-30_1038_
Астана,2022-02-10 00:30,2022-02-10 11:25,2022-02-10 12:05,28.0,,2022-02-10 17:35,п.актау,2025-09-30_1038_
Алматы,2022-02-13 03:50,2022-02-13 04:10,2022-02-13 06:00,110.0,,2022-02-13 06:30,146 район,2026-09-11_0856_
Туркестан,2022-02-14 13:15,2022-02-14 15:10,2022-02-14 17:25,30.0,,2022-02-14 18:35,12-ти мильная зона с MCV Barys,2026-09-11_0856_
Астана,2022-02-16 19:35,2022-02-17 18:30,2022-02-17 19:30,110.0,,2022-02-17 19:50,146 район,2026-09-11_0856_
Туркестан,2022-02-18 04:40,2022-02-18 05:15,2022-02-18 05:50,25.0,,2022-02-18 06:20,146 район,2026-09-11_0856_
MCV Barys,2022-02-18 04:00,2022-02-18 12:40,2022-02-18 20:30,54.7,,2022-02-19 16:40,п.актау,2023-09-12_1800_
GC Barys,2022-02-18 04:00,2022-02-18 12:40,2022-02-18 20:30,54.7,,2022-02-19 16:40,п.актау,2025-09-30_1038_
ТК Актау,2022-02-27 02:50,2022-02-27 03:05,2022-02-27 06:00,160.0,,2022-02-27 06:30,146 район,2026-09-11_0856_
Барыс,2022-03-06 08:25,2022-03-06 08:45,2022-03-06 11:00,100.0,,2022-03-06 11:15,146 район,2023-09-12_1800_
GC Barys,2022-03-06 08:25,2022-03-06 08:45,2022-03-06 11:00,100.0,,2022-03-06 11:15,146 район,2026-09-11_0856_
Туркестан,2022-03-08 00:00,2022-03-08 17:25,2022-03-08 17:50,20.0,,2022-03-08 19:10,146 район,2026-09-11_0856_
Астана,2022-03-08 02:15,2022-03-08 22:20,2022-03-09 00:00,70.0,,2022-03-09 00:20,146 район,2026-09-11_0856_
Бекет-Ата,2022-03-15 07:20,2022-03-15 14:30,2022-03-15 15:35,30.0,,2022-03-15 16:00,146 район,2026-09-11_0856_
Туркестан,2022-03-24 11:30,2022-03-24 11:50,2022-03-24 12:35,35.0,,2022-03-24 12:50,146 район,2026-09-11_0856_
ТК Актау,2022-03-25 03:10,2022-03-25 03:25,2022-03-25 05:00,100.0,,2022-03-25 05:30,146 район,2026-09-11_0856_
Туркестан,2022-03-30 10:30,2022-04-02 18:40,2022-04-02 19:25,30.0,,2022-04-02 19:45,146 район,2026-09-11_0856_
Алматы,2022-04-03 16:00,2022-04-03 17:40,2022-04-03 18:55,100.0,,2022-04-03 19:20,146 район,2026-09-11_0856_
Астана,2022-04-04 12:15,2022-04-05 19:00,2022-04-05 20:30,110.0,,2022-04-05 20:45,146 район,2026-09-11_0856_
Бекет-Ата,2022-04-04 14:00,2022-04-05 21:50,2022-04-05 22:25,30.0,,2022-04-05 22:45,146 район,2026-09-11_0856_
Барыс,2022-04-13 02:50,2022-04-14 08:30,2022-04-14 09:15,30.0,,2022-04-14 09:30,146 район,2023-09-12_1800_
GC Barys,2022-04-13 02:50,2022-04-14 08:30,2022-04-14 09:15,30.0,,2022-04-14 09:30,146 район,2026-09-11_0856_
Барыс,2022-04-13 02:50,2022-04-14 12:10,2022-04-14 13:40,70.0,,2022-04-14 14:00,146 район,2023-09-12_1800_
GC Barys,2022-04-13 02:50,2022-04-14 12:10,2022-04-14 13:40,70.0,,2022-04-14 14:00,146 район,2026-09-11_0856_
Туркестан,2022-04-19 18:25,2022-04-19 18:55,2022-04-19 19:30,30.0,,2022-04-19 19:45,146 район,2026-09-11_0856_
Алматы,2022-04-20 16:25,2022-04-20 16:45,2022-04-20 17:45,50.0,,2022-04-20 18:05,146 район,2026-09-11_0856_
Бекет-Ата,2022-04-24 23:10,2022-04-24 23:25,2022-04-25 00:15,45.0,,2022-04-25 00:30,146 район,2026-09-11_0856_
Туркестан,2022-04-26 21:25,2022-04-26 21:45,2022-04-26 23:10,70.0,,2022-04-26 23:30,146 район,2026-09-11_0856_
ТК Актау,2022-04-29 15:05,2022-04-30 01:25,2022-04-30 04:40,150.0,,2022-04-30 05:00,146 район,2026-09-11_0856_
MCV Barys,2022-05-06 05:00,2022-05-07 10:10,2022-05-07 21:07,92.366,,2022-05-07 23:45,п.актау,2023-09-12_1800_
GC Barys,2022-05-06 05:00,2022-05-07 10:10,2022-05-07 21:07,92.366,,2022-05-07 23:45,п.актау,2025-09-30_1038_
Бекет-Ата,2022-05-05 20:30,2022-05-06 16:20,2022-05-06 18:20,60.473,,2022-05-08 22:50,п.актау,2025-09-30_1038_
Астана,2022-05-09 07:40,2022-05-09 08:00,2022-05-09 10:30,110.0,,2022-05-09 10:50,146 район,2026-09-11_0856_
Алматы,2022-05-21 02:30,2022-05-21 02:50,2022-05-21 03:55,60.0,,2022-05-21 04:15,146 район,2026-09-11_0856_
Бекет-Ата,2022-05-22 15:25,2022-05-23 11:30,2022-05-23 13:00,50.617,,2022-06-01 00:40,п.актау,2025-09-30_1038_
Астана,2022-06-01 05:30,2022-06-02 04:15,2022-06-02 05:30,79.0,,2022-06-02 11:00,п.актау,2025-09-30_1038_
MCV Barys,2022-05-31 11:00,2022-06-05 09:45,2022-06-05 16:30,150.0,,2022-06-05 19:30,п.актау,2023-09-12_1800_
GC Barys,2022-05-31 11:00,2022-06-05 09:45,2022-06-05 16:30,150.0,,2022-06-05 19:30,п.актау,2025-09-30_1038_
Бекет-Ата,2022-06-04 22:50,2022-06-05 18:15,2022-06-05 20:30,52.228,,2022-06-06 03:35,п.актау,2025-09-30_1038_
ТК Актау,2022-06-06 22:10,2022-06-06 23:10,2022-06-07 02:20,50.0,,2022-06-07 03:15,12-ти мильная зона с MCV Barys,2026-09-11_0856_
Туркестан,2022-06-09 16:30,2022-06-10 10:50,2022-06-10 13:40,25.0,,2022-06-10 14:05,12-ти мильная зона с MCV Barys,2026-09-11_0856_
ТК Актау,2022-06-11 10:00,2022-06-11 16:20,2022-06-11 20:50,98.806,,2022-06-12 13:50,п.актау,2025-09-30_1038_
Туркестан,2022-06-16 07:45,2022-06-16 08:00,2022-06-16 11:00,35.0,,2022-06-16 11:20,146 район,2026-09-11_0856_
Туркестан,2022-06-24 14:10,2022-06-24 14:30,2022-06-24 15:15,35.0,,2022-06-24 15:30,146 район,2026-09-11_0856_
Бекет-Ата,2022-06-24 17:00,2022-06-24 19:25,2022-06-24 20:20,50.0,,2022-06-24 20:40,146 район,2026-09-11_0856_
Алматы,2022-06-26 10:20,2022-06-26 10:40,2022-06-26 12:00,80.0,,2022-06-26 12:15,146 район,2026-09-11_0856_
ТК Актау,2022-06-30 15:30,2022-06-30 17:45,2022-06-30 20:45,80.0,,2022-07-01 16:30,п.актау,2025-09-30_1038_
Астана,2022-07-03 16:30,2022-07-04 13:50,2022-07-04 15:45,100.0,,2022-07-04 16:20,146 район,2026-09-11_0856_
Туркестан,2022-07-03 23:30,2022-07-04 17:30,2022-07-04 18:00,25.0,,2022-07-04 18:50,146 район,2026-09-11_0856_
Барыс,2022-07-04 18:10,2022-07-04 18:45,2022-07-04 21:40,100.0,,2022-07-04 22:00,146 район,2023-09-12_1800_
GC Barys,2022-07-04 18:10,2022-07-04 18:45,2022-07-04 21:40,100.0,,2022-07-04 22:00,146 район,2026-09-11_0856_
Туркестан,2022-07-19 04:30,2022-07-24 02:20,2022-07-24 03:00,30.0,,2022-07-24 03:20,146 район,2026-09-11_0856_
Бекет-Ата,2022-07-23 18:50,2022-07-24 05:00,2022-07-24 06:10,50.0,,2022-07-24 06:20,146 район,2026-09-11_0856_
Алматы,2022-07-26 08:00,2022-07-26 08:25,2022-07-26 10:20,100.0,,2022-07-26 10:45,146 район,2026-09-11_0856_
ТК Актау,2022-07-26 05:00,2022-07-26 09:50,2022-07-26 14:30,100.0,,2022-07-27 07:35,п.актау,2025-09-30_1038_
MCV Barys,2022-07-31 09:30,2022-07-31 19:50,2022-08-01 01:25,64.185,,2022-08-01 19:35,п.актау,2023-09-12_1800_
GC Barys,2022-07-31 09:30,2022-07-31 19:50,2022-08-01 01:25,64.185,,2022-08-01 19:35,п.актау,2025-09-30_1038_
Астана,2022-08-08 14:15,2022-08-08 18:50,2022-08-08 18:20,110.0,,2022-08-08 18:50,146 район,2026-09-11_0856_
Туркестан,2022-08-14 04:35,2022-08-14 05:05,2022-08-14 05:50,35.0,,2022-08-14 06:40,146 район,2026-09-11_0856_
Барыс,2022-08-14 14:00,2022-08-14 14:20,2022-08-14 16:00,60.0,,2022-08-14 16:20,146 район,2023-09-12_1800_
GC Barys,2022-08-14 14:00,2022-08-14 14:20,2022-08-14 16:00,60.0,,2022-08-14 16:20,146 район,2026-09-11_0856_
ТК Актау,2022-08-15 10:50,2022-08-15 22:00,2022-08-15 23:20,100.0,,2022-08-16 03:00,п.актау,2025-09-30_1038_
MCV Berkut,2022-08-26 11:30,,,42.5,,,Баутино,2023-09-12_1800_
GC Berkut,2022-08-26 11:30,,,42.5,,,Баутино,2025-09-30_1038_
MCV Sunkar,2022-08-26 15:40,2022-08-28 14:25,2022-08-28 19:35,50.0,,,Баутино,2023-09-12_1800_
GC Sunkar,2022-08-26 15:40,2022-08-28 14:25,2022-08-28 19:35,50.0,,,Баутино,2025-09-30_1038_
Туркестан,2022-08-29 14:00,2022-08-29 21:45,2022-08-29 22:55,65.0,,2022-08-29 23:25,146 район,2026-09-11_0856_
Алматы,2022-09-02 16:20,2022-09-02 16:50,2022-09-02 18:45,100.0,,2022-09-02 19:15,146 район,2026-09-11_0856_
Бекет-Ата,2022-09-02 23:55,2022-09-03 00:15,2022-09-03 01:35,50.0,,2022-09-03 02:00,146 район,2026-09-11_0856_
Барыс,2022-09-04 00:50,2022-09-04 01:00,2022-09-04 03:35,120.0,,2022-09-04 04:20,146 район,2023-09-12_1800_
GC Barys,2022-09-04 00:50,2022-09-04 01:00,2022-09-04 03:35,120.0,,2022-09-04 04:20,146 район,2026-09-11_0856_
ТК Актау,2022-09-04 16:10,2022-09-05 12:00,2022-09-05 13:50,75.0,,2022-09-06 14:10,п.актау,2025-09-30_1038_
Сункар,2022-09-09 06:00,2022-09-09 15:15,2022-09-09 20:40,96.6,,2022-09-09 21:10,146 район,2026-09-11_0856_
Астана,2022-09-10 06:30,2022-09-10 06:50,2022-09-10 09:40,120.0,,2022-09-10 10:00,146 район,2026-09-11_0856_
Алматы,2022-09-20 11:40,2022-09-20 12:00,2022-09-20 14:00,80.0,,2022-09-20 14:30,146 район,2026-09-11_0856_
Астана,2022-09-22 22:45,2022-09-22 23:05,2022-09-23 00:40,60.0,,2022-09-23 01:20,146 район,2026-09-11_0856_
Иргиз,2022-09-26 15:00,2022-11-27 11:00,2022-11-27 14:20,26.5,27.11,,Баутино,2025-09-30_1038_
Эмба,2022-09-26 17:00,2022-12-01 10:30,2022-12-01 11:15,8.55,,,п.актау,2025-09-30_1038_
ТК Актау,2022-09-26 12:15,2022-09-26 17:15,2022-09-26 21:55,100.0,,2022-09-28 01:35,п.актау,2025-09-30_1038_
Сункар,2022-10-02 17:25,2022-10-02 17:40,2022-10-02 20:00,90.0,,2022-10-02 21:00,146 район,2026-09-11_0856_
Туркестан,2022-10-05 05:25,2022-10-05 05:40,2022-10-05 07:10,70.0,,2022-10-05 07:35,146 район,2026-09-11_0856_
Алматы,2022-10-14 16:05,2022-10-14 16:25,2022-10-14 18:35,90.0,,2022-10-14 18:50,146 район,2026-09-11_0856_
Барыс,2022-10-16 13:30,2022-10-16 14:00,2022-10-16 17:30,120.0,,2022-10-16 18:00,146 район,2023-09-12_1800_
GC Barys,2022-10-16 13:30,2022-10-16 14:00,2022-10-16 17:30,120.0,,2022-10-16 18:00,146 район,2026-09-11_0856_
Астана,2022-10-16 08:50,2022-10-16 14:10,2022-10-16 19:05,100.0,,2022-10-16 20:40,п.актау,2025-09-30_1038_
ТК Актау,2022-10-17 00:30,2022-10-17 00:45,2022-10-17 05:10,100.0,,2022-10-17 05:30,146 район,2026-09-11_0856_
Бекет-Ата,2022-11-03 18:10,2022-11-03 18:45,2022-11-04 00:20,150.0,,2022-11-04 00:45,146 район,2026-09-11_0856_
Туркестан,2022-11-04 12:40,2022-11-04 13:10,2022-11-04 15:30,95.0,,2022-11-04 15:50,146 район,2026-09-11_0856_
Алматы,2022-11-04 22:50,2022-11-04 23:35,2022-11-05 01:55,100.0,,2022-11-05 02:20,146 район,2026-09-11_0856_
ТК Актау,2022-11-06 12:30,2022-11-09 21:00,2022-11-10 00:00,115.0,,2022-11-10 00:20,146 район,2026-09-11_0856_
Астана,2022-11-10 12:30,2022-11-11 00:35,2022-11-11 01:40,83.4,,2022-11-11 06:30,п.актау,2025-09-30_1038_
Сункар,2022-11-13 05:45,2022-11-13 06:10,2022-11-13 10:20,120.0,,2022-11-13 10:35,146 район,2026-09-11_0856_
Алматы,2022-11-20 01:10,2022-11-20 01:40,2022-11-20 05:00,100.0,,2022-11-20 05:20,146 район,2026-09-11_0856_
Иргиз,2022-11-28 13:30,2022-11-28 14:00,2022-11-28 16:50,35.0,,,15-ти м.зона,2025-09-30_1038_
Иргиз,2022-11-28 20:50,2023-01-25 20:40,2023-01-25 21:25,27.381,,,Баутино,2025-09-30_1038_
Иргиз,2022-11-29 13:40,2022-11-29 14:10,2022-11-29 16:30,17.1,,,п.актау,2025-09-30_1038_
ТК Актау,2022-11-28 22:40,2022-11-29 11:35,2022-11-29 13:10,100.0,,2022-11-29 16:35,п.актау,2025-09-30_1038_
Астана,2022-12-09 03:35,2022-12-09 04:20,2022-12-09 06:45,100.0,,2022-12-09 07:15,146 район,2026-09-11_0856_
Туркестан,2022-12-11 05:05,2022-12-11 05:25,2022-12-11 07:30,95.0,,2022-12-11 07:50,146 район,2026-09-11_0856_
MCV Barys,2022-12-11 06:30,2022-12-13 11:50,2022-12-13 16:10,120.0,,2022-12-13 19:20,п.актау,2023-09-12_1800_
GC Barys,2022-12-11 06:30,2022-12-13 11:50,2022-12-13 16:10,120.0,,2022-12-13 19:20,п.актау,2025-09-30_1038_
MCV Sunkar,2022-12-13 01:00,2022-12-14 19:00,2022-12-14 23:00,100.0,,2022-12-16 04:30,п.актау,2023-09-12_1800_
GC Sunkar,2022-12-13 01:00,2022-12-14 19:00,2022-12-14 23:00,100.0,,2022-12-16 04:30,п.актау,2025-09-30_1038_
Алматы,2022-12-16 18:20,2022-12-17 13:35,2022-12-17 16:15,70.0,,2022-12-17 18:15,п.актау,2025-09-30_1038_
ТК Актау,2022-12-18 17:20,2022-12-19 06:00,2022-12-19 07:20,100.0,,2022-12-19 13:30,п.актау,2025-09-30_1038_
Талас,2022-12-29 10:20,,,9.7,,,Баутино,2025-09-30_1038_
Бекет-Ата,2023-01-01 02:20,2023-01-14 13:20,2023-01-14 16:50,120.0,,,Актау,2025-09-30_1038_
Алматы,2023-01-08 08:50,2023-01-04 22:20,2023-01-04 23:10,50.0,,2023-01-05 03:45,п.актау,2025-09-30_1038_
Туркестан,2023-01-07 09:50,2023-01-10 09:00,2023-01-10 10:55,95.0,,2023-01-10 11:10,146 район,2026-09-11_0856_
ТК Актау,2023-01-09 14:45,2023-01-10 02:50,2023-01-10 04:10,100.0,,2023-01-16 07:55,Актау,2025-09-30_1038_
Талас,2023-01-19 21:45,2023-01-25 18:50,2023-01-25 21:10,27.381,,,Баутино,2025-09-30_1038_
MCV Barys,2023-01-17 17:10,2023-01-19 10:00,2023-01-19 19:00,150.0,,2023-01-19 23:00,Актау,2023-09-12_1800_
GC Barys,2023-01-17 17:10,2023-01-19 10:00,2023-01-19 19:00,150.0,,2023-01-19 23:00,Актау,2025-09-30_1038_
Астана,2023-01-19 10:30,2023-01-19 23:10,2023-01-20 00:20,84.0,,2023-01-20 05:00,Актау,2025-09-30_1038_
MCV Sunkar,2023-01-28 17:40,2023-01-29 13:25,2023-01-29 19:10,120.0,,,п.актау,2023-09-12_1800_
GC Sunkar,2023-01-28 17:40,2023-01-29 13:25,2023-01-29 19:10,120.0,,,п.актау,2025-09-30_1038_
Алматы,2023-01-30 08:00,2023-02-01 09:00,2023-02-01 09:20,25.0,,2023-02-01 15:30,Актау,2025-09-30_1038_
Астана,2023-02-05 22:30,2023-02-06 13:35,2023-02-06 15:00,70.0,,2023-02-06 17:30,Актау,2025-09-30_1038_
Алматы,2023-02-08 15:15,2023-02-09 05:20,2023-02-09 06:00,40.0,,2023-02-09 12:20,Актау,2025-09-30_1038_
ТК Актау,2023-02-16 02:20,2023-02-18 07:35,2023-02-18 08:25,80.0,,2023-02-18 14:30,Актау,2025-09-30_1038_
Алматы,2023-02-20 10:50,2023-02-21 01:00,2023-02-21 01:50,50.0,,2023-02-21 19:50,Актау,2025-09-30_1038_
Туркестан,2023-02-22 20:00,2023-02-22 20:40,2023-02-22 23:20,95.0,,2023-02-22 23:40,146 район,2026-09-11_0856_
Астана,2023-02-23 19:00,2023-02-24 11:25,2023-02-24 12:00,40.0,,2023-02-24 16:20,Актау,2025-09-30_1038_
Алматы,2023-03-02 10:15,2023-03-03 00:10,2023-03-03 00:55,40.0,,2023-03-03 06:05,Актау,2025-09-30_1038_
Бекет-Ата,2023-02-17 23:10,2023-03-01 12:55,2023-03-01 20:50,80.0,,2023-03-04 07:45,Актау,2025-09-30_1038_
Астана,2023-03-05 09:20,2023-03-05 21:10,2023-03-05 21:55,40.0,,2023-03-06 02:15,Актау,2025-09-30_1038_
ТК Актау,2023-03-04 13:00,2023-03-08 17:50,2023-03-08 18:20,20.0,,2023-03-08 20:20,Актау,2025-09-30_1038_
ТК Актау,2023-03-11 03:00,2023-03-14 03:30,2023-03-14 04:00,20.0,,2023-03-14 16:40,Актау,2025-09-30_1038_
Астана,2023-03-13 17:10,2023-03-17 15:35,2023-03-17 16:00,20.0,,2023-03-17 18:15,Актау,2025-09-30_1038_
Алматы,2023-03-15 10:05,2023-03-17 16:50,2023-03-17 17:20,25.0,,2023-03-17 19:20,Актау,2025-09-30_1038_
MCV Barys,2023-03-13 09:30,2023-03-14 14:50,2023-03-14 20:10,120.0,,2023-03-18 04:15,Актау,2023-09-12_1800_
GC Barys,2023-03-13 09:30,2023-03-14 14:50,2023-03-14 20:10,120.0,,2023-03-18 04:15,Актау,2025-09-30_1038_
ТК Актау,2023-03-19 05:20,2023-03-20 00:15,2023-03-20 01:00,30.0,,2023-03-20 04:05,Актау,2025-09-30_1038_
Алматы,2023-03-20 10:00,2023-03-21 00:35,2023-03-21 01:00,20.0,,2023-03-21 04:40,Актау,2025-09-30_1038_
Астана,2023-03-20 14:00,2023-03-21 19:15,2023-03-21 19:45,20.0,,2023-03-21 22:30,Актау,2025-09-30_1038_
ТК Актау,2023-03-23 17:10,2023-03-24 12:05,2023-03-24 12:30,25.0,,2023-03-24 17:40,Актау,2025-09-30_1038_
MCV Sunkar,2023-03-22 16:45,2023-03-25 12:50,2023-03-25 21:35,120.0,,2023-03-26 09:05,Актау,2023-09-12_1800_
GC Sunkar,2023-03-22 16:45,2023-03-25 12:50,2023-03-25 21:35,120.0,,2023-03-26 09:05,Актау,2025-09-30_1038_
Алматы,2023-03-23 20:00,2023-03-24 23:30,2023-03-24 23:50,15.0,,2023-03-26 12:20,Актау,2025-09-30_1038_
MCV Berkut,2023-03-18 09:30,2023-03-28 10:20,2023-03-28 15:30,120.0,,2023-03-29 19:15,Актау,2023-09-12_1800_
GC Berkut,2023-03-18 09:30,2023-03-28 10:20,2023-03-28 15:30,120.0,,2023-03-29 19:15,Актау,2025-09-30_1038_
Астана,2023-03-27 11:50,2023-03-30 10:05,2023-03-30 10:35,25.0,,2023-04-02 13:05,Актау,2025-09-30_1038_
ТК Актау,2023-03-29 11:00,2023-04-03 00:45,2023-04-03 01:50,116.7,,2023-04-03 06:50,Актау,2025-09-30_1038_
Алматы,2023-03-29 10:00,2023-04-03 03:15,2023-04-03 04:25,100.0,,2023-04-03 11:15,Актау,2025-09-30_1038_
Туркестан,2023-04-05 02:00,2023-04-05 02:25,2023-04-05 04:00,95.0,,2023-04-05 04:15,146 район,2026-09-11_0856_
Астана,2023-04-08 22:00,2023-04-09 18:30,2023-04-09 19:10,29.0,,2023-04-09 22:20,Актау,2025-09-30_1038_
Астана,2023-04-12 18:35,2023-04-12 18:50,2023-04-12 19:25,70.0,,2023-04-12 20:20,146 район,2026-09-11_0856_
ТК Актау,2023-04-17 23:40,2023-04-18 00:00,2023-04-18 00:55,50.0,,2023-04-18 05:50,146 район,2026-09-11_0856_
Бекет-Ата,2023-04-13 08:00,2023-04-23 12:40,2023-04-23 21:20,100.0,,2023-04-27 00:00,Актау,2025-09-30_1038_
Алматы,2023-04-25 08:20,2023-04-26 21:55,2023-04-26 22:45,40.0,,2023-04-27 01:55,Актау,2025-09-30_1038_
Астана,2023-05-01 09:25,2023-05-03 02:15,2023-05-03 03:10,67.5,,2023-05-03 22:55,Актау,2025-09-30_1038_
ТК Актау,2023-05-05 05:20,2023-05-06 04:40,2023-05-06 05:40,81.2,,2023-05-06 23:30,Актау,2025-09-30_1038_
Алматы,2023-05-07 00:55,2023-05-07 12:40,2023-05-07 13:10,30.0,,2023-05-07 18:15,Актау,2025-09-30_1038_
MCV Berkut,2023-05-10 16:50,2023-05-10 17:10,2023-05-10 19:00,100.0,,2023-05-10 19:15,146 район,2023-09-12_1800_
GC Berkut,2023-05-10 16:50,2023-05-10 17:10,2023-05-10 19:00,100.0,,2023-05-10 19:15,146 район,2026-09-11_0856_
MCV Barys,2023-05-11 08:00,2023-05-11 20:05,2023-05-11 22:20,46.751,,2023-05-12 17:45,Актау,2023-09-12_1800_
GC Barys,2023-05-11 08:00,2023-05-11 20:05,2023-05-11 22:20,46.751,,2023-05-12 17:45,Актау,2025-09-30_1038_
Астана,2023-05-11 14:50,2023-05-12 14:00,2023-05-12 14:30,30.0,,2023-05-12 18:15,Актау,2025-09-30_1038_
MCV Barys,2023-05-15 23:45,2023-05-16 00:05,2023-05-16 01:15,70.0,,2023-05-16 01:35,146 район,2023-09-12_1800_
GC Barys,2023-05-15 23:45,2023-05-16 00:05,2023-05-16 01:15,70.0,,2023-05-16 01:35,146 район,2026-09-11_0856_
Алматы,2023-05-17 15:30,2023-05-18 18:20,2023-05-18 18:50,30.0,,2023-05-18 21:25,Актау,2025-09-30_1038_
Алматы,2023-05-21 16:50,2023-05-24 05:50,2023-05-24 06:30,40.0,,2023-05-24 12:45,Актау,2025-09-30_1038_
Туркестан,2023-05-13 07:30,2023-05-17 15:00,2023-05-17 16:00,10.0,,2023-05-24 22:30,Актау,2025-09-30_1038_
Астана,2023-05-21 01:40,2023-05-26 06:00,2023-05-26 06:45,50.0,,2023-05-26 16:40,Актау,2025-09-30_1038_
Бекет-Ата,2023-05-26 19:30,2023-05-29 23:20,2023-05-30 00:10,60.0,,2023-05-30 04:20,Актау,2025-09-30_1038_
MCV Sunkar,2023-05-26 05:10,2023-05-31 07:55,2023-05-31 09:00,60.0,,2023-05-31 16:10,Актау,2023-09-12_1800_
GC Sunkar,2023-05-26 05:10,2023-05-31 07:55,2023-05-31 09:00,60.0,,2023-05-31 16:10,Актау,2025-09-30_1038_
Алматы,2023-06-04 11:35,2023-06-06 14:40,2023-06-06 14:50,20.0,,2023-06-07 10:50,Актау,2025-09-30_1038_
Астана,2023-06-03 05:00,2023-06-09 00:40,2023-06-09 01:30,58.0,,2023-06-09 06:30,Актау,2025-09-30_1038_
Алматы,2023-06-10 09:00,2023-06-11 00:30,2023-06-11 01:00,20.0,,2023-06-11 06:50,Актау,2025-09-30_1038_
ТК Актау,2023-06-04 01:05,2023-06-11 23:00,2023-06-11 23:55,90.4,,2023-06-12 06:00,Актау,2025-09-30_1038_
Алматы,2023-06-16 05:35,2023-06-16 19:38,2023-06-16 20:00,20.0,,2023-06-17 03:35,Актау,2025-09-30_1038_
Астана,2023-06-18 08:45,2023-06-20 21:10,2023-06-20 22:00,60.0,,2023-06-21 02:05,Актау,2025-09-30_1038_
Алматы,2023-06-20 09:35,2023-06-21 12:30,2023-06-21 12:55,20.0,,2023-06-21 22:55,Актау,2025-09-30_1038_
Талас,2023-06-22 09:25,2023-06-22 12:55,2023-06-22 14:15,19.178,,2023-06-22 16:00,Баутино ТС,2025-09-30_1038_
Эмба,2023-06-22 09:30,2023-06-22 14:20,2023-06-22 16:00,19.136,,2023-06-22 17:10,Баутино ТС,2025-09-30_1038_
ТК Актау,2023-06-22 11:45,2023-06-24 10:40,2023-06-24 11:10,14.286,,2023-06-24 16:50,Актау,2025-09-30_1038_
Бекет-Ата,2023-06-25 10:30,2023-06-25 11:00,2023-06-25 12:00,100.0,,2023-06-25 12:30,146 район,2026-09-11_0856_
Алматы,2023-06-24 18:00,2023-06-25 07:20,2023-06-25 07:45,20.0,,2023-06-25 14:25,Актау,2025-09-30_1038_
ТК Актау,2023-06-27 02:00,2023-06-27 02:35,2023-06-27 03:45,80.0,,2023-06-27 04:05,146 район,2026-09-11_0856_
Алматы,2023-06-28 11:00,2023-06-30 21:30,2023-06-30 22:00,30.0,,2023-07-01 18:50,Актау,2025-09-30_1038_
MCV Sunkar,2023-06-21 23:40,2023-06-30 04:45,2023-06-30 06:45,100.0,,2023-07-01 22:30,Актау,2023-09-12_1800_
GC Sunkar,2023-06-21 23:40,2023-06-30 04:45,2023-06-30 06:45,100.0,,2023-07-01 22:30,Актау,2025-09-30_1038_
Астана,2023-07-03 12:45,2023-07-04 05:10,2023-07-04 06:30,50.0,,2023-07-04 13:10,Актау,2025-09-30_1038_
MCV Barys,2023-06-03 16:50,2023-07-04 23:05,2023-07-05 00:10,50.0,,2023-07-05 02:55,Актау,2023-09-12_1800_
GC Barys,2023-06-03 16:50,2023-07-04 23:05,2023-07-05 00:10,50.0,,2023-07-05 02:55,Актау,2025-09-30_1038_
MCV Berkut,2023-07-04 02:30,2023-07-05 01:50,2023-07-05 03:10,88.24,,2023-07-05 11:00,Актау,2023-09-12_1800_
GC Berkut,2023-07-04 02:30,2023-07-05 01:50,2023-07-05 03:10,88.24,,2023-07-05 11:00,Актау,2025-09-30_1038_
Алматы,2023-07-08 21:30,2023-07-09 12:50,2023-07-09 13:25,40.0,,2023-07-09 19:55,Актау,2025-09-30_1038_
Талас,2023-07-12 18:00,2023-07-12 18:25,2023-07-12 19:25,19.2,,2023-07-13 10:15,рейд Донецкий Астрахань,2026-09-11_0856_
Эмба,2023-07-12 17:55,2023-07-12 20:00,2023-07-12 20:55,24.038,,2023-07-13 11:00,рейд Донецкий Астрахань,2026-09-11_0856_
Астана,2023-07-17 09:45,2023-07-18 03:00,2023-07-18 03:40,30.0,,2023-07-18 07:40,Актау,2025-09-30_1038_
Алматы,2023-07-18 01:00,2023-07-18 15:45,2023-07-18 16:10,20.0,,2023-07-18 22:20,Актау,2025-09-30_1038_
ТК Актау,2023-07-19 00:20,2023-07-19 20:50,2023-07-19 22:10,80.0,,2023-07-19 00:45,Актау,2025-09-30_1038_
Эмба,2023-07-18 03:30,2023-07-20 18:15,2023-07-20 19:30,35.71,,2023-07-20 22:20,рейд Bravo Турция,2026-09-11_0856_
Талас,2023-07-18 03:30,2023-07-20 16:55,2023-07-20 18:10,30.0,,2023-07-20 22:20,рейд Bravo Турция,2026-09-11_0856_
Алматы,2023-07-21 17:20,2023-07-22 12:25,2023-07-22 12:55,40.0,,2023-07-22 15:20,Актау,2025-09-30_1038_
Астана,2023-07-22 13:30,2023-07-23 09:50,2023-07-23 10:40,40.0,,2023-07-23 13:15,Актау,2025-09-30_1038_
Талас,2023-07-26 01:25,2023-07-26 01:50,2023-07-26 03:10,40.0,,2023-07-28 05:45,Египет рейд  порт Саид,2026-09-11_0856_
Эмба,2023-07-26 02:15,2023-07-26 03:25,2023-07-26 04:55,40.0,,2023-07-28 05:50,Египет рейд  порт Саид,2026-09-11_0856_
MCV Barys,2023-07-28 17:15,2023-07-30 13:00,2023-07-30 15:30,120.0,,2023-07-30 18:45,Актау,2023-09-12_1800_
GC Barys,2023-07-28 17:15,2023-07-30 13:00,2023-07-30 15:30,120.0,,2023-07-30 18:45,Актау,2025-09-30_1038_
Туркестан,2023-07-31 21:15,2023-07-31 21:15,2023-07-31 23:30,100.0,,2023-07-31 23:50,146 район,2026-09-11_0856_
ТК Актау,2023-08-01 21:40,2023-08-01 22:00,2023-08-01 23:50,100.0,,2023-08-02 00:35,146 район,2026-09-11_0856_
Алматы,2023-08-01 05:05,2023-08-02 00:05,2023-08-02 00:35,30.0,,2023-08-02 06:20,Актау,2025-09-30_1038_
Астана,2023-08-04 04:45,2023-08-06 01:30,2023-08-06 02:25,35.0,,2023-08-06 02:45,146 район,2026-09-11_0856_
Алматы,2023-08-09 08:15,2023-08-09 21:20,2023-08-09 22:15,60.0,,2023-08-10 02:15,Актау,2025-09-30_1038_
Талас,2023-08-10 20:00,2023-08-10 22:50,2023-08-10 21:54,20.0,,2023-08-11 00:25,рейд п.Хор-Факкан (ОАЭ),2026-09-11_0856_
Эмба,2023-08-10 21:00,2023-08-11 01:06,2023-08-11 02:00,25.0,,2023-08-11 02:35,рейд п.Хор-Факкан (ОАЭ),2026-09-11_0856_
MCV Berkut,2023-08-07 22:50,2023-08-12 02:20,2023-08-12 04:30,100.0,,2023-08-12 06:05,Актау,2023-09-12_1800_
GC Berkut,2023-08-07 22:50,2023-08-12 02:20,2023-08-12 04:30,117.65,,2023-08-12 06:05,Актау,2025-09-30_1038_
Бекет-Ата,2023-08-08 17:00,2023-08-12 16:30,2023-08-12 18:00,80.0,,2023-08-14 02:15,Актау,2025-09-30_1038_
MCV Sunkar,2023-08-07 15:00,2023-08-15 14:50,2023-08-15 16:30,80.0,,2023-08-15 17:30,Актау,2023-09-12_1800_
GC Sunkar,2023-08-07 15:00,2023-08-15 14:50,2023-08-15 16:30,80.0,,2023-08-15 17:30,Актау,2025-09-30_1038_
Алматы,2023-08-21 09:30,2023-08-21 21:35,2023-08-21 22:00,20.0,,2023-08-22 02:35,Актау,2025-09-30_1038_
Туркестан,2023-06-22 07:00,2023-08-23 18:40,2023-08-23 21:50,49.939,,2023-08-24 02:00,Актау,2025-09-30_1038_
ТК Актау,2023-08-24 17:00,2023-08-24 17:30,2023-08-24 19:30,120.0,,2023-08-24 19:50,146 район,2026-09-11_0856_
Алматы,2023-08-24 21:40,2023-08-25 11:45,2023-08-25 12:10,40.0,,2023-08-25 14:40,Актау,2025-09-30_1038_
Алматы,2023-09-04 10:45,2023-09-04 22:45,2023-09-04 23:20,40.0,,2023-09-05 04:25,Актау,2025-09-30_1038_
Бекет-Ата,2023-09-07 00:00,2023-09-08 08:40,2023-09-08 11:40,100.0,,2023-09-08 12:00,146 район,2026-09-11_0856_
Туркестан,2023-09-08 11:30,2023-09-08 12:40,2023-09-08 14:30,100.0,,2023-09-08 14:50,146 район,2026-09-11_0856_
Алматы,2023-09-16 08:00,2023-09-16 20:35,2023-09-16 20:55,20.0,,2023-09-17 03:10,Актау,2025-09-30_1038_
ТК Актау,2023-09-18 14:15,2023-09-19 07:10,2023-09-19 07:55,74.0,,2023-09-19 13:20,Актау,2025-09-30_1038_
ТК Актау,2023-05-24 13:30,2023-05-25 02:25,2023-05-25 03:50,80.0,,2023-09-25 08:10,Актау,2025-09-30_1038_
GC Barys,2023-09-28 08:20,2023-09-28 12:40,2023-09-28 15:10,100.0,,2023-09-28 16:00,146 район,2026-09-11_0856_
GC Sunkar,2023-09-23 07:00,2023-09-25 18:00,2023-09-25 19:40,75.0,,2023-09-30 13:10,Актау,2025-09-30_1038_
ТК Актау,2023-10-01 04:50,2023-10-03 17:40,2023-10-03 18:45,70.7,,2023-10-03 23:00,Актау,2025-09-30_1038_
Астана,2023-10-07 00:30,2023-10-07 00:55,2023-10-07 04:10,150.0,,2023-10-07 04:30,146 район,2026-09-11_0856_
Бекет-Ата,2023-10-12 12:00,2023-10-12 18:35,2023-10-12 21:50,100.0,,2023-10-12 22:15,146 район,2026-09-11_0856_
ТК Актау,2023-10-15 01:20,2023-10-17 15:35,2023-10-17 16:35,70.1,,2023-10-18 06:05,Актау,2025-09-30_1038_
Туркестан,2023-10-21 08:00,2023-10-21 17:10,2023-10-21 20:35,120.0,,2023-10-21 20:45,146 район,2026-09-11_0856_
Иргиз,2022-11-28 20:50,2023-10-22 11:00,2023-10-22 12:30,19.696,,2023-10-22 12:30,Баутино ТС,2025-09-30_1038_
GC Berkut,2023-10-23 05:30,2023-10-25 08:48,2023-10-25 16:15,100.0,,2023-10-25 18:15,Актау,2025-09-30_1038_
Бекет-Ата,2023-10-31 10:30,2023-10-31 11:05,2023-10-31 13:30,100.0,,2023-10-31 14:00,146 район,2026-09-11_0856_
Астана,2023-11-02 01:00,2023-11-02 02:05,2023-11-02 03:40,80.0,,2023-11-02 04:00,146 район,2026-09-11_0856_
ТК Актау,2023-11-06 18:00,2023-11-06 18:55,2023-11-06 19:50,70.0,,2023-11-07 15:35,Актау,2025-09-30_1038_
Туркестан,2023-11-15 21:20,2023-11-15 22:50,2023-11-16 02:20,110.0,,2023-11-16 02:40,146 район,2026-09-11_0856_
Иргиз,2023-11-15 14:07,2023-11-15 14:40,2023-11-15 16:00,35.8,,2023-11-16 15:25,п.Ростов на Дону Донецкий рейд,2026-09-11_0856_
Астана,2023-11-14 22:20,2023-11-17 17:20,2023-11-17 18:30,69.0,,2023-11-18 02:10,Актау,2025-09-30_1038_
Алматы,2023-11-24 21:20,2023-11-24 22:10,2023-11-25 00:50,100.0,,2023-11-25 01:40,146 район,2026-09-11_0856_
ТК Актау,2023-12-24 21:25,2023-12-25 12:40,2023-12-25 14:00,81.0,,2023-11-26 11:45,Актау,2025-09-30_1038_
Иргиз,2023-11-25 05:20,2023-11-27 02:30,2023-11-27 04:10,50.0,,2023-11-29 15:50,рейд Bravo Стамбул,2026-09-11_0856_
GC Sunkar,2023-11-24 19:00,2023-11-27 10:10,2023-11-27 12:30,97.061,,2023-11-30 23:45,Актау,2025-09-30_1038_
Астана,2023-12-07 01:00,2023-12-08 22:50,2023-12-08 23:40,58.5,,2023-12-10 18:20,Актау,2025-09-30_1038_
ТК Актау,2023-12-07 08:00,2023-12-09 03:15,2023-12-09 04:15,70.9,,2023-12-10 19:25,Актау,2025-09-30_1038_
Алматы,2023-12-15 12:20,2023-12-15 22:00,2023-12-15 23:10,90.0,,2023-12-16 03:35,Актау,2025-09-30_1038_
GC Sunkar,2023-12-20 11:30,2023-12-21 17:30,2023-12-21 18:40,122.438,,2023-12-24 11:50,Актау,2025-09-30_1038_
ТК Актау,2023-12-22 01:00,2023-12-24 11:50,2023-12-24 13:00,72.0,,2023-12-24 19:10,Актау,2025-09-30_1038_
Астана,2023-12-25 19:05,2023-12-25 19:20,2023-12-25 20:40,70.0,,2023-12-25 21:00,146 район,2026-09-11_0856_
GC Berkut,2023-12-21 01:30,2023-12-25 11:35,2023-12-25 18:35,118.992,,2023-12-28 01:50,Актау,2025-09-30_1038_
Бекет-Ата,2023-12-28 15:30,2023-12-28 22:05,2023-12-29 02:00,170.0,,2023-12-29 02:30,146 район,2026-09-11_0856_
Тараз,2023-12-27 11:40,2023-12-27 15:00,2023-12-27 16:40,46.0,,2023-12-29 20:20,Актау,2025-09-30_1038_
Туркестан,2024-01-01 16:10,2024-01-01 16:45,2024-01-01 19:50,140.0,,2024-01-01 20:20,146 район,2026-09-11_0856_
Лива,2023-12-31 09:45,2024-01-04 10:15,2024-01-04 13:40,71.317,,2024-01-04 16:40,Актау,2026-09-11_0856_
ТК Актау,2024-01-05 13:20,2024-01-05 21:20,2024-01-05 22:50,75.0,,2024-01-06 16:15,Актау,2026-09-11_0856_
Тараз,2024-01-08 09:00,2024-01-08 12:20,2024-01-08 15:30,71.368,,2024-01-09 04:50,Актау,2026-09-11_0856_
Астана,2024-01-09 13:35,2024-01-10 14:30,2024-01-10 17:05,70.0,,2024-01-10 18:55,Актау,2026-09-11_0856_
Алматы,2024-01-11 04:30,2024-01-12 00:40,2024-01-12 02:10,80.0,,2024-01-12 04:45,Актау,2026-09-11_0856_
Лива,2024-01-21 08:45,2024-01-21 12:30,2024-01-21 15:50,71.318,,2024-01-23 05:30,Актау,2026-09-11_0856_
Тараз,2024-01-23 16:20,2024-01-23 19:15,2024-01-23 20:00,65.262,,2024-01-24 17:50,Актау,2026-09-11_0856_
Астана,2024-01-24 12:10,2024-01-27 00:40,2024-01-27 02:00,60.0,,2024-01-27 12:15,Актау,2026-09-11_0856_
ТК Актау,2024-01-27 01:40,2024-02-01 18:00,2024-02-01 19:15,75.0,,2024-02-01 23:20,Актау,2026-09-11_0856_
Алматы,2024-01-28 08:45,2024-02-02 17:25,2024-02-02 18:40,80.0,,2024-02-03 00:00,Актау,2026-09-11_0856_
GC Berkut,2024-01-30 23:50,2024-02-03 08:20,2024-02-03 10:40,120.0,,2024-02-03 14:10,Актау,2026-09-11_0856_
GC Sunkar,2024-02-03 19:00,2024-02-04 21:00,2024-02-04 23:00,120.0,,2024-02-05 21:25,Актау,2026-09-11_0856_
Тараз,2024-02-11 18:45,2024-02-12 11:15,2024-02-12 15:10,69.531,,2024-02-12 17:10,Актау,2026-09-11_0856_
Астана,2024-02-11 18:00,2024-02-13 09:20,2024-02-13 10:30,60.0,,2024-02-13 15:25,Актау,2026-09-11_0856_
Туркестан,2024-02-10 22:30,2024-02-11 20:40,2024-02-11 22:50,120.0,,2024-02-14 07:20,Актау,2026-09-11_0856_
Лива,2024-02-14 15:50,2024-02-15 09:20,2024-02-15 13:15,69.513,,2024-02-15 16:35,Актау,2026-09-11_0856_
ТК Актау,2024-02-12 20:30,2024-02-19 05:00,2024-02-19 06:20,70.0,,2024-02-19 11:25,Актау,2026-09-11_0856_
Алматы,2024-02-22 22:05,2024-02-23 08:50,2024-02-23 10:35,80.0,,2024-02-23 15:20,Актау,2026-09-11_0856_
Астана,2024-02-22 11:45,2024-02-24 00:25,2024-02-24 01:25,50.0,,2024-02-24 07:15,Актау,2026-09-11_0856_
Тараз,2024-02-21 09:45,2024-02-23 15:30,2024-02-23 18:05,46.771,,2024-02-24 16:05,Актау,2026-09-11_0856_
ТК Актау,2024-02-27 17:45,2024-02-27 18:10,2024-02-27 20:00,75.0,,2024-02-27 20:40,146 район,2026-09-11_0856_
Бекет-Ата,2024-02-28 08:50,2024-02-28 09:15,2024-02-28 11:30,100.0,,2024-02-28 11:50,146 район,2026-09-11_0856_
Лива,2024-03-01 00:15,2024-03-04 17:30,2024-03-04 19:50,46.775,,2024-03-04 23:00,Актау,2026-09-11_0856_
GC Sunkar,2024-03-05 13:20,2024-03-07 23:20,2024-03-08 02:45,150.0,,2024-03-09 15:15,Актау,2026-09-11_0856_
Астана,2024-03-09 19:50,2024-03-09 20:20,2024-03-09 22:00,70.0,,2024-03-09 22:20,146 район,2026-09-11_0856_
GC Berkut,2024-03-13 22:05,2024-03-16 17:45,2024-03-16 19:45,120.0,,2024-03-18 02:50,Актау,2026-09-11_0856_
Тараз,2024-03-17 03:35,2024-03-17 09:00,2024-03-17 11:30,70.064,,2024-03-18 18:50,Актау,2026-09-11_0856_
Алматы,2024-03-19 07:00,2024-03-19 21:40,2024-03-19 23:00,80.0,,2024-03-20 04:45,Актау,2026-09-11_0856_
ТК Актау,2024-03-20 05:30,2024-03-22 17:00,2024-03-22 18:30,75.0,,2024-03-22 22:25,Актау,2026-09-11_0856_
Лива,2024-03-22 15:00,2024-03-22 17:50,2024-03-22 20:50,,,2024-03-23 13:10,Актау,2026-09-11_0856_
Бекет-Ата,2024-03-26 10:00,2024-03-26 18:40,2024-03-26 21:25,100.0,,2024-03-26 22:00,146 район,2026-09-11_0856_
Астана,2024-03-29 14:45,2024-03-29 20:20,2024-03-29 21:50,70.0,,2024-03-29 22:15,146 район,2026-09-11_0856_
Туркестан,2024-03-29 16:30,2024-03-30 00:10,2024-03-30 01:30,80.0,,2024-04-01 00:50,Актау,2026-09-11_0856_
Тараз,2024-03-29 17:30,2024-04-01 16:15,2024-04-01 18:05,40.847,,2024-04-01 22:25,Актау,2026-09-11_0856_
ТК Актау,2024-03-31 07:30,2024-04-03 15:15,2024-04-03 16:45,70.0,,2024-04-03 21:15,Актау,2026-09-11_0856_
Алматы,2024-04-10 20:30,2024-04-11 09:20,2024-04-11 11:10,80.0,,2024-04-11 15:30,Актау,2026-09-11_0856_
Астана,2024-04-14 06:30,2024-04-15 19:45,2024-04-15 21:15,70.0,,2024-04-16 01:50,Актау,2026-09-11_0856_
Тараз,2024-04-20 15:00,2024-04-21 09:35,2024-04-21 13:00,70.768,,2024-04-21 15:10,Актау,2026-09-11_0856_
Беркут,2024-04-21 23:25,2024-04-21 23:45,2024-04-22 01:15,50.0,,2024-04-22 01:35,146 район,2026-09-11_0856_
ТК Актау,2024-04-22 07:20,2024-04-23 00:20,2024-04-23 02:30,70.0,,2024-04-23 02:50,146 район,2026-09-11_0856_
Туркестан,2024-04-26 14:40,2024-04-26 15:15,2024-04-26 17:15,80.0,,2024-04-26 17:40,146 район,2026-09-11_0856_
Лива,2024-04-25 10:00,2024-05-01 11:35,2024-05-01 15:50,79.536,,2024-05-01 19:15,Актау,2026-09-11_0856_
GC Sunkar,2024-04-28 16:05,2024-04-29 22:30,2024-04-30 00:50,120.0,,2024-05-02 04:55,Актау,2026-09-11_0856_
Алматы,2024-04-25 20:30,2024-05-02 04:30,2024-05-02 06:05,80.0,,2024-05-02 11:05,Актау,2026-09-11_0856_
Астана,2024-04-26 03:45,2024-05-04 01:35,2024-05-04 02:55,70.0,,2024-05-04 08:20,Актау,2026-09-11_0856_
Беркут,2024-05-08 01:30,2024-05-08 05:00,2024-05-08 09:15,130.0,,2024-05-08 09:35,146 район,2026-09-11_0856_
ТК Актау,2024-05-09 00:55,2024-05-09 01:20,2024-05-09 02:40,75.0,,2024-05-09 02:55,146 район,2026-09-11_0856_
Бекет-Ата,2024-05-09 08:30,2024-05-09 09:05,2024-05-09 12:30,100.0,,2024-05-09 13:20,146 район,2026-09-11_0856_
Тараз,2024-05-13 20:30,2024-05-14 14:45,2024-05-14 18:30,70.743,,2024-05-14 20:15,Актау,2026-09-11_0856_
ТК Актау,2024-05-15 21:05,2024-05-15 21:25,2024-05-15 23:25,80.0,,2024-05-15 23:45,146 район,2026-09-11_0856_
Лива,2024-05-16 19:30,2024-05-17 12:00,2024-05-07 16:30,68.946,,2024-05-18 20:00,Актау,2026-09-11_0856_
Туркестан,2024-05-19 15:35,2024-05-19 15:40,2024-05-19 16:50,60.0,,2024-05-19 17:15,146 район,2026-09-11_0856_
Астана,2024-05-21 22:40,2024-05-21 23:00,2024-05-22 00:35,70.0,,2024-05-22 00:50,146 район,2026-09-11_0856_
Алматы,2024-05-24 20:20,2024-05-27 22:15,2024-05-27 23:20,50.0,,2024-06-01 15:45,Актау,2026-09-11_0856_
Бекет-Ата,2024-05-30 22:00,2024-06-01 19:50,2024-06-01 21:00,70.0,,2024-06-02 00:30,Актау,2026-09-11_0856_
Бекет-Ата,2024-06-06 12:30,2024-06-07 13:00,2024-06-07 14:00,50.0,,2024-06-07 16:10,Актау,2026-09-11_0856_
Астана,2024-06-05 14:45,2024-06-08 14:05,2024-06-08 14:30,20.0,,2024-06-08 18:10,Актау,2026-09-11_0856_
Астана,2024-06-11 08:10,2024-06-11 08:30,2024-06-11 09:35,50.0,,2024-06-11 10:00,146 район,2026-09-11_0856_
Сункар,2024-06-09 08:00,2024-06-11 13:45,2024-06-11 16:00,100.0,,2024-06-11 17:55,Актау,2026-09-11_0856_
Алматы,2024-06-13 20:00,2024-06-14 12:10,2024-06-14 13:20,50.0,,2024-06-14 15:50,Актау,2026-09-11_0856_
Тараз,2024-06-12 17:50,2024-06-14 10:50,2024-06-14 15:00,70.764,,2024-06-14 17:20,Актау,2026-09-11_0856_
GC Berkut,2024-06-13 00:10,2024-06-15 13:40,2024-06-15 15:40,70.0,,2024-06-15 17:40,Актау,2026-09-11_0856_
ТК Актау,2024-06-16 06:20,2024-06-16 06:40,2024-06-16 07:45,50.0,,2024-06-16 08:00,146 район,2026-09-11_0856_
Лива,2024-06-16 07:50,2024-06-16 10:55,2024-06-16 15:50,70.693,,2024-06-17 06:00,Актау,2026-09-11_0856_
GC Barys,2024-06-17 21:00,2024-06-18 20:25,2024-06-18 22:00,80.0,,2024-06-19 00:25,Актау,2026-09-11_0856_
Астана,2024-06-19 14:35,2024-06-19 14:55,2024-06-19 15:50,40.0,,2024-06-19 16:10,146 район,2026-09-11_0856_
Туркестан,2024-06-21 13:30,2024-06-23 15:15,2024-06-23 17:10,80.0,,2024-06-23 22:25,Актау,2026-09-11_0856_
Алматы,2024-06-21 19:10,2024-06-25 07:20,2024-06-25 08:30,55.0,,2024-06-25 13:30,Актау,2026-09-11_0856_
ТК Актау,2024-07-02 12:25,2024-07-02 12:45,2024-07-02 13:50,50.0,,2024-07-02 14:15,146 район,2026-09-11_0856_
GC Berkut,2024-07-01 14:50,2024-07-03 06:00,2024-07-03 07:40,70.0,,2024-07-03 11:45,Актау,2026-09-11_0856_
Туркестан,2024-07-03 13:00,2024-07-03 14:05,2024-07-03 16:00,30.0,,2024-07-03 17:00,146 район,2026-09-11_0856_
Астана,2024-06-29 23:00,2024-07-03 17:50,2024-07-03 18:50,50.0,,2024-07-03 22:20,Актау,2026-09-11_0856_
GC Sunkar,2024-07-04 13:40,2024-07-05 16:50,2024-07-05 18:10,50.0,,2024-07-05 20:10,Актау,2026-09-11_0856_
Тараз,2024-07-04 18:40,2024-07-05 16:30,2024-07-05 20:00,70.697,,2024-07-05 23:00,Актау,2026-09-11_0856_
GC Barys,2024-07-06 13:30,2024-07-07 12:30,2024-07-07 13:00,20.0,,2024-07-07 16:30,Актау,2026-09-11_0856_
Алматы,2024-07-09 02:30,2024-07-09 15:00,2024-07-09 16:10,50.0,,2024-07-09 19:45,Актау,2026-09-11_0856_
Бекет-Ата,2024-07-08 00:50,2024-07-10 16:10,2024-07-10 17:00,50.0,,2024-07-10 23:15,Актау,2026-09-11_0856_
Лива,2024-07-11 13:55,2024-07-11 16:00,2024-07-11 20:00,70.697,,2024-07-12 11:45,Актау,2026-09-11_0856_
ТК Актау,2024-07-11 16:00,2024-07-12 13:40,2024-07-12 15:00,75.0,,2024-07-12 19:00,Актау,2026-09-11_0856_
GC Barys,2024-07-11 17:30,2024-07-14 22:10,2024-07-14 23:20,60.0,,2024-07-15 01:10,Актау,2026-09-11_0856_
Туркестан,2024-07-17 14:00,2024-07-17 14:50,2024-07-17 15:50,30.0,,2024-07-17 16:10,146 район,2026-09-11_0856_
Алматы,2024-07-17 02:00,2024-07-17 16:15,2024-07-17 17:30,50.0,,2024-07-17 20:15,Актау,2026-09-11_0856_
Астана,2024-07-18 02:35,2024-07-18 18:15,2024-07-18 19:30,60.0,,2024-07-18 23:05,Актау,2026-09-11_0856_
GC Berkut,2024-07-19 22:00,2024-07-20 18:15,2024-07-20 20:15,100.0,,2024-07-22 00:15,Актау,2026-09-11_0856_
GC Sunkar,2024-07-22 08:00,2024-07-23 12:50,2024-07-23 14:50,100.0,,2024-07-23 16:30,Актау,2026-09-11_0856_
GC Barys,2024-07-24 12:00,2024-07-25 19:25,2024-07-25 20:05,30.0,,2024-07-25 23:20,Актау,2026-09-11_0856_
ТК Актау,2024-07-27 04:00,2024-07-28 19:00,2024-07-28 20:25,75.0,,2024-07-29 00:45,Актау,2026-09-11_0856_
Бекет-Ата,2024-07-25 17:00,2024-07-29 08:25,2024-07-29 09:00,40.0,,2024-07-29 11:50,Актау,2026-09-11_0856_
Тараз,2024-07-31 04:15,2024-07-31 14:30,2024-07-31 17:40,60.058,,2024-08-01 11:30,Актау,2026-09-11_0856_
GC Barys,2024-08-01 01:30,2024-08-02 00:00,2024-08-01 01:20,50.0,,2024-08-02 03:50,Актау,2026-09-11_0856_
Туркестан,2024-08-04 14:40,2024-08-05 00:00,2024-08-05 05:30,80.0,,2024-08-05 06:10,Барыс рейд Баку,2026-09-11_0856_
Алматы,2024-08-04 19:30,2024-08-05 07:30,2024-08-05 09:05,80.0,,2024-08-05 15:35,Актау,2026-09-11_0856_
GC Barys,2024-08-06 12:45,2024-08-08 08:20,2024-08-08 10:10,100.0,,2024-08-08 12:30,Актау,2026-09-11_0856_
Астана,2024-07-30 20:45,2024-08-09 01:50,2024-08-09 03:20,60.0,,2024-08-09 15:05,Актау,2026-09-11_0856_
Лива,2024-08-08 18:30,2024-08-10 09:20,2024-08-10 12:45,70.768,,2024-08-10 16:10,Актау,2026-09-11_0856_
ТК Актау,2024-08-11 22:15,2024-08-12 12:50,2024-08-12 14:20,75.0,,2024-08-12 18:20,Актау,2026-09-11_0856_
GC Sunkar,2024-08-12 15:20,2024-08-13 16:05,2024-08-13 17:45,80.0,,2024-08-13 19:50,Актау,2026-09-11_0856_
Бекет-Ата,2024-08-13 14:00,2024-08-14 19:55,2024-08-14 20:20,30.0,,2024-08-15 04:55,Актау,2026-09-11_0856_
Тараз,2024-08-18 09:20,2024-08-18 13:00,2024-08-18 16:20,70.768,,2024-08-19 08:10,Актау,2026-09-11_0856_
Астана,2024-08-20 10:30,2024-08-20 10:45,2024-08-20 13:20,80.0,,2024-08-20 13:30,146 район,2026-09-11_0856_
Алматы,2024-08-20 10:50,2024-08-20 21:55,2024-08-20 22:55,50.0,,2024-08-21 04:20,Актау,2026-09-11_0856_
ТК Актау,2024-08-16 06:30,2024-08-21 12:20,2024-08-21 14:10,80.0,,2024-08-21 17:15,Актау,2026-09-11_0856_
Беркут,2024-08-23 10:05,2024-08-23 10:35,2024-08-23 14:10,100.0,,2024-08-23 14:40,146 район,2026-09-11_0856_
Туркестан,2024-08-26 00:30,2024-08-26 15:15,2024-08-26 16:20,60.0,,2024-08-26 16:40,146 район,2026-09-11_0856_
Барыс,2024-08-27 19:00,2024-08-27 20:00,2024-08-27 20:45,6.0,,2024-08-27 21:00,146 район,2026-09-11_0856_
GC Barys,2024-08-29 09:00,2024-08-30 08:00,2024-08-30 09:15,50.0,,2024-08-30 11:00,Актау,2026-09-11_0856_
Лива,2024-08-24 07:30,2024-09-04 10:00,2024-09-04 13:30,68.897,,2024-09-04 17:00,Актау,2026-09-11_0856_
Алматы,2024-08-29 05:00,2024-09-05 02:50,2024-09-05 04:10,60.0,,2024-09-05 08:00,Актау,2026-09-11_0856_
GC Sunkar,2024-09-10 02:20,2024-09-10 02:35,2024-09-10 03:00,2.5,,2024-09-10 03:15,146 район,2026-09-11_0856_
Астана,2024-09-11 20:25,2024-09-11 20:45,2024-09-11 22:40,70.0,,2024-09-11 23:00,146 район,2026-09-11_0856_
GC Sunkar,2024-09-11 16:15,2024-09-12 11:50,2024-09-12 13:00,50.0,,2024-09-12 22:10,Актау,2026-09-11_0856_
ТК Актау,2024-09-15 05:05,2024-09-15 05:25,2024-09-15 07:25,80.0,,2024-09-15 07:50,146 район,2026-09-11_0856_
GC Berkut,2024-09-15 20:30,2024-09-17 12:35,2024-09-17 13:45,40.0,,2024-09-17 15:20,Актау,2026-09-11_0856_
GC Barys,2024-09-16 07:30,2024-09-17 21:10,2024-09-17 22:10,40.0,,2024-09-18 00:40,Актау,2026-09-11_0856_
Тараз,2024-09-20 02:00,2024-09-20 10:00,2024-09-20 14:30,70.768,,2024-09-21 04:15,Актау,2026-09-11_0856_
Алматы,2024-09-20 19:30,2024-09-21 07:50,2024-09-21 09:00,60.0,,2024-09-21 19:10,Актау,2026-09-11_0856_
Астана,2024-09-27 15:00,2024-09-27 15:20,2024-09-27 17:00,70.0,,2024-09-27 17:20,146 район,2026-09-11_0856_
GC Sunkar,2024-09-24 15:00,2024-09-28 06:40,2024-09-28 08:25,80.0,,2024-09-28 11:30,Актау,2026-09-11_0856_
Лива,2024-09-25 14:10,2024-10-01 14:30,2024-10-01 17:55,70.768,,2024-10-01 22:25,Актау,2026-09-11_0856_
Барыс,2024-09-30 01:30,2024-10-02 05:50,2024-10-02 07:15,60.0,,2024-10-02 11:55,Актау,2026-09-11_0856_
ТК Актау,2024-10-02 10:20,2024-10-02 10:45,2024-10-02 12:45,80.0,,2024-10-02 13:10,146 район,2026-09-11_0856_
Беркут,2024-09-30 21:30,2024-10-02 08:10,2024-10-02 09:30,60.0,,2024-10-02 13:40,Актау,2026-09-11_0856_
Туркестан,2024-10-03 22:30,2024-10-04 16:20,2024-10-04 17:25,80.0,,2024-10-04 17:50,146 район,2026-09-11_0856_
Бекет-Ата,2024-09-28 01:20,2024-10-05 16:40,2024-10-05 17:40,50.0,,2024-10-07 10:35,Актау,2026-09-11_0856_
Бекет-Ата,2024-10-09 16:30,2024-10-09 16:45,2024-10-09 17:35,30.0,,2024-10-09 18:00,146 район,2026-09-11_0856_
Алматы,2024-10-10 04:00,2024-10-11 12:00,2024-10-11 13:15,60.0,,2024-10-11 16:15,Актау,2026-09-11_0856_
Астана,2024-10-14 16:30,2024-10-14 16:50,2024-10-14 18:40,70.0,,2024-10-14 19:10,146 район,2026-09-11_0856_
Беркут,2024-10-13 12:35,2024-10-14 12:55,2024-10-14 14:30,50.0,,2024-10-16 07:55,Актау,2026-09-11_0856_
Сункар,2024-10-15 16:00,2024-10-17 12:30,2024-10-17 13:40,50.0,,2024-10-19 20:00,Актау,2026-09-11_0856_
Тараз,2024-10-18 12:50,2024-10-20 09:00,2024-10-20 13:00,75.415,,2024-10-20 16:05,Актау,2026-09-11_0856_
ТК Актау,2024-10-18 05:20,2024-10-20 15:55,2024-10-20 17:30,80.0,,2024-10-20 17:50,146 район,2026-09-11_0856_
Туркестан,2024-10-20 12:00,2024-10-20 18:55,2024-10-20 21:00,80.0,,2024-10-20 21:20,146 район,2026-09-11_0856_
Лива,2024-10-18 18:20,2024-10-20 18:20,2024-10-20 22:10,71.025,,2024-10-21 14:10,Актау,2026-09-11_0856_
Барыс,2024-10-22 18:45,2024-10-23 17:45,2024-10-23 18:50,50.0,,2024-10-23 21:20,Актау,2026-09-11_0856_
Беркут,2024-10-29 01:00,2024-10-29 19:30,2024-10-29 21:10,80.0,,2024-10-30 02:00,Актау,2026-09-11_0856_
Астана,2024-11-01 05:45,2024-11-01 21:30,2024-11-01 23:10,60.0,,2024-11-01 23:30,146 район,2026-09-11_0856_
Алматы,2024-11-01 14:55,2024-11-02 23:00,2024-11-03 00:25,60.0,,2024-11-03 13:25,Актау,2026-09-11_0856_
Бекет-Ата,2024-11-04 15:30,2024-11-04 15:45,2024-11-04 18:10,80.0,,2024-11-04 18:30,146 район,2026-09-11_0856_
Барыс,2024-11-03 10:00,2024-11-08 09:55,2024-10-08 11:30,70.0,,2024-11-08 13:35,Актау,2026-09-11_0856_
Сункар,2024-11-08 20:00,2024-11-10 09:30,2024-11-10 10:55,70.0,,2024-11-10 13:20,Актау,2026-09-11_0856_
Тараз,2024-11-13 02:10,2024-11-13 15:35,2024-11-13 19:15,75.498,,2024-11-13 22:30,Актау,2026-09-11_0856_
Лива,2024-11-15 13:50,2024-11-15 17:40,2024-11-15 20:40,69.217,,2024-11-16 11:55,Актау,2026-09-11_0856_
Алматы,2024-11-16 12:30,2024-11-16 23:05,2024-11-17 00:30,60.0,,2024-11-18 01:10,Актау,2026-09-11_0856_
Астана,2024-11-19 05:50,2024-11-21 03:35,2024-11-21 04:50,30.0,,2024-11-22 19:25,Актау,2026-09-11_0856_
Беркут,2024-11-21 07:25,2024-11-25 08:15,2024-11-25 09:15,50.0,,2024-11-25 12:00,Актау,2026-09-11_0856_
Астана,2024-11-25 23:15,2024-11-25 23:35,2024-11-26 00:55,60.0,,2024-11-26 01:30,146 район,2026-09-11_0856_
Туркестан,2024-11-28 20:25,2024-11-28 20:45,2024-11-28 22:45,70.0,,2024-11-28 23:00,146 район,2026-09-11_0856_
Барыс,2024-11-30 19:00,2024-12-01 20:00,2024-12-01 20:35,30.0,,2024-12-01 22:30,Актау,2026-09-11_0856_
Бекет-Ата,2024-12-04 08:00,2024-12-04 08:40,2024-12-04 09:45,60.0,,2024-12-04 10:10,146 район,2026-09-11_0856_
Алматы,2024-12-05 16:00,2024-12-06 02:05,2024-12-06 02:50,30.0,,2024-12-06 11:55,Актау,2026-09-11_0856_
Сункар,2024-12-05 04:30,2024-12-06 19:55,2024-12-06 20:45,40.0,,2024-12-06 23:15,Актау,2026-09-11_0856_
Барыс,2024-12-06 15:30,2024-12-10 13:20,2024-12-10 14:40,30.0,,2024-12-12 13:55,Актау,2026-09-11_0856_
Барыс,2024-12-06 15:30,2024-12-12 11:00,2024-12-12 11:15,10.0,,2024-12-12 13:55,Актау,2026-09-11_0856_
Беркут,2024-12-06 16:45,2024-12-10 14:45,2024-12-10 15:30,40.0,,2024-12-12 15:30,Актау,2026-09-11_0856_
Лива,2024-12-14 00:00,2024-12-14 13:55,2024-12-14 18:05,70.053,,2024-12-15 11:40,Актау,2026-09-11_0856_
Астана,2024-12-13 03:55,2024-12-15 12:10,2024-12-15 12:45,10.0,,2024-12-15 14:50,Актау,2026-09-11_0856_
Алматы,2024-12-14 03:20,2024-12-16 18:00,2024-12-16 19:25,60.0,,2024-12-17 11:10,Актау,2026-09-11_0856_
Туркестан,2024-12-15 12:40,2024-12-18 09:25,2024-12-18 10:00,25.0,,2024-12-18 12:10,Актау,2026-09-11_0856_
Астана,2024-12-19 17:30,2024-12-19 17:50,2024-12-19 19:15,70.0,,2024-12-19 19:35,146 район,2026-09-11_0856_
Тараз,2024-12-16 21:30,2024-12-17 14:00,2024-12-17 18:20,75.023,,2024-12-20 03:00,Актау,2026-09-11_0856_
Беркут,2024-12-20 12:00,2024-12-23 21:30,2024-12-23 22:20,35.0,,2024-12-24 03:05,Актау,2026-09-11_0856_
Барыс,2024-12-20 11:30,2024-12-21 16:25,2024-12-21 16:50,20.0,,2024-12-24 06:00,Актау,2026-09-11_0856_
Туркестан,2024-12-24 13:45,2024-12-24 14:15,2024-12-24 15:45,70.0,,2024-12-24 16:00,146 район,2026-09-11_0856_
Сункар,2024-12-24 01:20,2024-12-24 19:55,2024-12-24 20:35,31.0,,2024-12-26 05:40,Актау,2026-09-11_0856_
ТК Актау,2024-12-30 21:20,2024-12-30 21:45,2024-12-30 22:45,25.0,,2024-12-30 23:10,146 район,2026-09-11_0856_
Бекет-Ата,2024-12-31 08:30,2024-12-31 08:55,2024-12-31 09:40,40.0,,2024-12-31 10:00,146 район,2026-09-11_0856_
Астана,2025-01-01 15:40,2025-01-01 21:00,2025-01-01 21:30,25.0,,2025-01-01 22:30,146 район,2026-09-11_0856_
Сункар,2024-12-31 08:50,2025-01-02 08:50,2025-01-02 10:20,80.0,,2025-01-02 14:45,Актау,2026-09-11_0856_
Барыс,2024-12-28 18:30,2025-01-02 17:00,2025-01-02 18:40,80.0,,2025-01-02 22:15,Актау,2026-09-11_0856_
Алматы,2025-01-01 00:40,2025-01-02 19:45,2025-01-02 21:00,60.0,,2025-01-03 02:00,Актау,2026-09-11_0856_
Туркестан,2025-01-02 13:00,2025-01-04 08:10,2025-01-04 09:25,80.0,,2025-01-04 11:25,Актау,2026-09-11_0856_
Астана,2025-01-03 04:00,2025-01-04 16:15,2025-01-04 17:25,60.0,,2025-01-05 07:40,Актау,2026-09-11_0856_
Лива,2025-01-05 03:20,2025-01-05 11:30,2025-01-05 15:20,70.359,,2025-01-06 08:10,Актау,2026-09-11_0856_
Беркут,2025-01-03 20:30,2025-01-06 04:45,2025-01-06 09:10,70.345,,2025-01-06 11:35,Актау,2026-09-11_0856_
Тараз,2025-01-05 17:20,2025-01-06 11:45,2025-01-06 16:00,74.415,,2025-01-07 04:10,Актау,2026-09-11_0856_
Бекет-Ата,2025-01-04 07:30,2025-01-12 13:25,2025-01-12 14:40,60.0,,2025-01-12 18:20,Актау,2026-09-11_0856_
ТК Актау,2025-01-01 00:30,2025-01-15 13:20,2025-01-15 15:10,80.0,,2025-01-15 23:00,Актау,2026-09-11_0856_
Алматы,2025-01-16 10:30,2025-01-16 21:50,2025-01-16 23:10,60.0,,2025-01-17 04:30,Актау,2026-09-11_0856_
Сункар,2025-01-14 23:45,2025-01-15 17:45,2025-01-15 19:00,60.0,,2025-01-19 19:30,Актау,2026-09-11_0856_
Астана,2025-01-16 18:00,2025-01-22 06:00,2025-01-22 07:00,50.0,,2025-01-22 11:00,Актау,2026-09-11_0856_
Беркут,2025-01-22 14:45,2025-01-25 19:45,2025-01-25 21:00,60.0,,2025-01-26 13:45,Актау,2026-09-11_0856_
Барыс,2025-01-25 04:00,2025-01-25 17:20,2025-01-25 18:30,50.0,,2025-01-26 21:20,Актау,2026-09-11_0856_
Туркестан,2025-01-25 21:00,2025-01-27 06:40,2025-01-27 08:15,100.0,,2025-01-27 11:10,Актау,2026-09-11_0856_
Лива,2025-01-27 09:00,2025-01-27 12:00,2025-01-27 17:50,85.021,,2025-01-28 07:25,Актау,2026-09-11_0856_
Астана,2025-01-26 11:30,2025-01-28 03:10,2025-01-28 04:10,50.0,,2025-01-28 09:15,Актау,2026-09-11_0856_
Тараз,2025-01-29 11:30,2025-01-29 15:05,2025-01-29 17:40,50.99,,2025-01-30 11:20,Актау,2026-09-11_0856_
Алматы,2025-02-01 06:30,2025-02-02 06:40,2025-02-02 07:45,60.0,,2025-02-02 15:00,Актау,2026-09-11_0856_
ТК Актау,2025-01-27 10:00,2025-02-03 09:45,2025-02-03 11:15,80.0,,2025-02-03 16:40,Актау,2026-09-11_0856_
Тараз,2025-02-06 13:30,2025-02-06 16:50,2025-02-06 19:30,51.016,,2025-02-07 12:35,Актау,2026-09-11_0856_
Барыс,2025-02-06 06:30,2025-02-06 19:30,2025-02-06 21:50,100.0,,2025-02-07 23:45,Актау,2026-09-11_0856_
Беркут,2025-02-06 20:50,2025-02-07 10:15,2025-02-07 11:35,80.0,,2025-02-09 06:20,Актау,2026-09-11_0856_
Бекет-Ата,2025-02-07 11:20,2025-02-09 04:50,2025-02-09 05:55,60.0,,2025-02-09 08:00,Актау,2026-09-11_0856_
Астана,2025-02-11 21:10,2025-02-12 13:00,2025-02-12 14:15,80.0,,2025-02-12 19:10,Актау,2026-09-11_0856_
Алматы,2025-02-12 23:00,2025-02-13 11:10,2025-02-13 12:10,60.0,,2025-02-13 17:55,Актау,2026-09-11_0856_
Сункар,2025-02-13 05:30,2025-02-13 16:05,2025-02-13 17:20,80.0,,2025-02-14 21:35,Актау,2026-09-11_0856_
Лива,2025-02-14 17:30,2025-02-15 09:25,2025-02-15 12:30,71.88,,2025-02-15 15:20,Актау,2026-09-11_0856_
ТК Актау,2025-02-17 03:45,2025-02-23 20:45,2025-02-23 21:45,60.0,,2025-02-24 04:15,Актау,2026-09-11_0856_
Астана,2025-02-26 11:40,2025-02-28 11:25,2025-02-28 11:55,20.0,,2025-02-28 16:20,Актау,2026-09-11_0856_
Бекет-Ата,2025-02-26 13:00,2025-02-26 19:40,2025-02-26 20:10,30.0,,2025-03-02 04:00,Актау,2026-09-11_0856_
Астана,2025-03-03 06:30,2025-03-03 07:30,2025-03-03 09:00,60.0,,2025-03-03 09:15,146 район,2026-09-11_0856_
Алматы,2025-03-01 16:35,2025-03-03 05:20,2025-03-03 06:30,60.0,,2025-03-03 12:10,Актау,2026-09-11_0856_
Бекет-Ата,2025-03-03 18:00,2025-03-03 18:20,2025-03-03 19:20,60.0,,2025-03-03 19:40,146 район,2026-09-11_0856_
Сункар,2025-03-01 23:50,2025-03-03 22:50,2025-03-04 00:10,70.0,,2025-03-04 02:15,Актау,2026-09-11_0856_
Барыс,2025-03-03 05:00,2025-03-04 19:50,2025-03-04 20:50,50.0,,2025-03-05 01:35,Актау,2026-09-11_0856_
Лива,2025-03-04 18:00,2025-03-05 09:20,2025-03-05 13:20,50.97,,2025-03-05 15:55,Актау,2026-09-11_0856_
Беркут,2025-03-04 07:00,2025-03-08 23:10,2025-03-09 00:15,60.0,,2025-03-09 02:30,Актау,2026-09-11_0856_
Туркестан,2025-02-17 04:00,2025-03-09 01:20,2025-03-09 02:35,70.0,,2025-03-09 04:55,Актау,2026-09-11_0856_
ТК Актау,2025-03-14 17:50,2025-03-14 18:15,2025-03-14 19:20,80.0,,2025-03-14 19:40,146 район,2026-09-11_0856_
Алматы,2025-03-16 01:30,2025-03-16 13:05,2025-03-16 14:10,60.0,,2025-03-16 18:10,Актау,2026-09-11_0856_
Астана,2025-03-17 03:25,2025-03-17 03:55,2025-03-17 05:10,65.0,,2025-03-17 05:30,146 район,2026-09-11_0856_
Беркут,2025-03-16 08:00,2025-03-17 22:25,2025-03-17 23:40,80.0,,2025-03-18 01:50,Актау,2026-09-11_0856_
Бекет-Ата,2025-03-18 08:50,2025-03-18 09:10,2025-03-18 10:00,60.0,,2025-03-18 10:15,146 район,2026-09-11_0856_
Сункар,2025-03-16 14:00,2025-03-18 19:10,2025-03-18 20:55,100.0,,2025-03-18 23:25,Актау,2026-09-11_0856_
Барыс,2025-03-17 11:50,2025-03-19 00:00,2025-03-19 01:50,100.0,,2025-03-19 04:30,Актау,2026-09-11_0856_
Лива,2025-03-22 20:45,2025-03-24 13:45,2025-03-24 17:50,71.882,,2025-03-25 11:30,Актау,2026-09-11_0856_
Туркестан,2025-03-24 09:50,2025-03-25 14:10,2025-03-25 16:15,70.0,,2025-03-25 16:30,146 район,2026-09-11_0856_
ТК Актау,2025-03-25 06:10,2025-03-25 17:50,2025-03-25 19:35,80.0,,2025-03-25 19:55,146 район,2026-09-11_0856_
Тараз,2025-03-28 16:40,2025-03-29 16:00,2025-03-29 19:30,71.878,,2025-04-01 17:40,Актау,2026-09-11_0856_
Алматы,2025-03-28 17:45,2025-04-02 00:40,2025-04-02 01:45,60.0,,2025-04-02 06:00,Актау,2026-09-11_0856_
Бекет-Ата,2025-04-02 12:30,2025-04-03 09:50,2025-04-03 11:00,70.0,,2025-04-04 16:15,Актау,2026-09-11_0856_
Астана,2025-03-31 09:25,2025-04-06 21:45,2025-04-06 23:05,70.0,,2025-04-07 03:10,Актау,2026-09-11_0856_
Туркестан,2025-04-04 04:10,2025-04-07 00:10,2025-04-07 01:10,60.0,,2025-04-07 03:35,Актау,2026-09-11_0856_
Алматы,2025-04-15 12:40,2025-04-16 11:00,2025-04-16 11:25,25.0,,2025-04-16 14:00,Актау,2026-09-11_0856_
Туркестан,2025-04-14 20:00,2025-04-19 06:20,2025-04-19 06:40,20.0,,2025-04-19 19:30,Актау,2026-09-11_0856_
Алматы,2025-04-19 14:30,2025-04-20 21:15,2025-04-20 22:15,50.0,,2025-04-21 02:00,Актау,2026-09-11_0856_
Астана,2025-04-20 21:30,2025-04-21 21:30,2025-04-21 22:30,55.0,,2025-04-22 01:40,Актау,2026-09-11_0856_
ТК Актау,2025-04-21 15:25,2025-04-23 17:40,2025-04-23 19:00,80.0,,2025-04-23 22:55,Актау,2026-09-11_0856_
Сункар,2025-04-19 12:30,2025-04-26 08:20,2025-04-26 09:30,50.0,,2025-04-26 12:05,Актау,2026-09-11_0856_
Туркестан,2025-04-27 06:00,2025-04-27 06:15,2025-04-27 07:45,60.0,,2025-04-27 08:00,146 район,2026-09-11_0856_
Тараз,2025-04-26 23:00,2025-04-27 16:00,2025-04-27 18:40,50.3,,2025-04-28 23:25,Актау,2026-09-11_0856_
Беркут,2025-04-19 13:55,2025-04-29 11:20,2025-04-29 13:10,100.0,,2025-04-29 19:30,Актау,2026-09-11_0856_
Барыс,2025-04-30 23:15,2025-05-02 03:10,2025-05-02 05:00,100.0,,2025-05-02 06:50,Актау,2026-09-11_0856_
Астана,2025-05-02 14:15,2025-05-03 23:00,2025-05-03 00:00,55.0,,2025-05-04 03:55,Актау,2026-09-11_0856_
Бекет-Ата,2025-05-04 02:10,2025-05-04 15:05,2025-05-04 16:50,70.0,,2025-05-04 17:10,146 район,2026-09-11_0856_
Алматы,2025-05-04 09:45,2025-05-04 20:45,2025-05-04 22:00,60.0,,2025-05-05 02:20,Актау,2026-09-11_0856_
ТК Актау,2025-05-04 19:20,2025-05-06 07:00,2025-05-06 08:30,80.0,,2025-05-06 12:15,Актау,2026-09-11_0856_
Тараз,2025-05-09 16:00,2025-05-09 19:15,2025-05-09 21:30,45.87,,2025-05-10 10:50,Актау,2026-09-11_0856_
Лива,2025-05-13 13:10,2025-05-13 18:15,2025-05-13 21:25,51.462,,2025-05-15 01:10,Актау,2026-09-11_0856_
Алматы,2025-05-16 19:00,2025-05-17 06:00,2025-05-17 07:00,60.0,,2025-05-17 15:45,Актау,2026-09-11_0856_
Сункар,2025-05-11 21:00,2025-05-15 20:10,2025-05-15 21:55,100.0,,2025-05-17 20:00,Актау,2026-09-11_0856_
ТК Актау,2025-05-22 17:50,2025-05-23 12:20,2025-05-23 13:30,80.0,,2025-05-23 17:25,Актау,2026-09-11_0856_
Тараз,2025-05-23 04:15,2025-05-23 19:00,2025-05-23 22:40,71.53,,2025-05-24 13:40,Актау,2026-09-11_0856_
Беркут,2025-05-26 21:30,2025-05-27 19:30,2025-05-27 21:30,100.0,,2025-05-28 14:25,Актау,2026-09-11_0856_
Лива,2025-05-31 23:00,2025-06-03 17:50,2025-06-03 22:00,78.865,,2025-06-04 11:00,Актау,2026-09-11_0856_
Алматы,2025-05-30 23:00,2025-06-04 09:20,2025-06-04 10:20,60.0,,2025-06-04 14:45,Актау,2026-09-11_0856_
ТК Актау,2025-06-06 19:30,2025-06-06 19:50,2025-06-06 21:10,80.0,,2025-06-06 21:30,146 район,2026-09-11_0856_
Барыс,2025-06-03 00:50,2025-06-07 21:30,2025-06-07 23:15,100.0,,2025-06-11 22:55,Актау,2026-09-11_0856_
Бекет-Ата,2025-06-15 02:25,2025-06-15 02:45,2025-06-15 03:25,70.0,,2025-06-15 03:40,146 район,2026-09-11_0856_
Сункар,2025-06-09 19:30,2025-06-16 22:40,2025-06-16 23:30,60.0,,2025-06-17 01:40,Актау,2026-09-11_0856_
Алматы,2025-05-16 11:10,2025-06-17 00:20,2025-06-17 01:00,40.0,,2025-06-17 03:40,Актау,2026-09-11_0856_
Тараз,2025-06-16 09:00,2025-06-16 11:50,2025-06-16 15:20,71.23,,2025-06-17 05:15,Актау,2026-09-11_0856_
Беркут,2025-06-12 11:30,2025-06-19 20:00,2025-06-19 21:00,60.0,,2025-06-20 03:00,Актау,2026-09-11_0856_
ТК Актау,2025-06-19 20:20,2025-06-20 14:20,2025-06-20 14:50,20.0,,2025-06-20 19:10,Актау,2026-09-11_0856_
Лива,2025-06-22 10:40,2025-06-22 17:05,2025-06-22 21:00,73.629,,2025-06-23 12:40,Актау,2026-09-11_0856_
ТК Актау,2025-06-23 23:00,2025-06-23 23:20,2025-06-24 00:35,70.0,,2025-06-24 00:50,146 район,2026-09-11_0856_
Тараз,2025-07-07 23:30,2025-07-08 12:00,2025-07-08 15:30,72.063,,2025-07-08 18:10,Актау,2026-09-11_0856_
Сункар,2025-07-11 08:00,2025-07-12 17:45,2025-07-12 19:30,100.0,,2025-07-12 22:50,Актау,2026-09-11_0856_
Астана,2025-07-12 21:25,2025-07-12 21:45,2025-07-12 23:40,80.0,,2025-07-12 23:55,146 район,2026-09-11_0856_
ТК Актау,2025-07-12 07:20,2025-07-12 23:45,2025-07-13 00:45,80.0,,2025-07-13 05:20,Актау,2026-09-11_0856_
Бекет-Ата,2025-07-15 19:25,2025-07-15 19:45,2025-07-15 20:50,60.0,,2025-07-15 21:10,146 район,2026-09-11_0856_
Барыс,2025-07-15 08:30,2025-07-16 16:30,2025-07-16 18:00,100.0,,2025-07-16 21:05,Актау,2026-09-11_0856_
Лива,2025-07-18 13:30,2025-07-18 16:15,2025-07-18 20:10,72.396,,2025-07-19 12:30,Актау,2026-09-11_0856_
GC Berkut,2025-07-19 13:30,2025-07-21 00:00,2025-07-21 01:30,80.0,,2025-07-20 04:25,Актау,2026-09-11_0856_
Астана,2025-07-24 06:00,2025-07-25 13:15,2025-07-25 14:45,60.0,,2025-07-25 22:40,Актау,2026-09-11_0856_
ТК Актау,2025-07-26 03:00,2025-07-29 09:15,2025-07-29 10:45,80.0,,2025-07-29 15:50,Актау,2026-09-11_0856_
Тараз,2025-07-28 05:15,2025-07-31 11:20,2025-07-31 14:40,65.662,,2025-08-01 17:35,Актау,2026-09-11_0856_
GC Berkut,2025-08-08 19:15,2025-08-10 04:30,2025-08-10 06:45,100.0,,2025-08-10 09:20,Актау,2026-09-11_0856_
Лива,2025-08-12 10:00,2025-08-12 12:50,2025-08-12 16:30,63.929,,2025-08-13 07:25,Актау,2026-09-11_0856_
Астана,2025-08-11 13:15,2025-08-13 09:30,2025-08-13 11:15,60.0,,2025-08-13 15:50,Актау,2026-09-11_0856_
Сункар,2025-08-12 20:30,2025-08-13 18:00,2025-08-13 19:45,100.0,,2025-08-14 02:25,Актау,2026-09-11_0856_
Барыс,2025-08-13 02:00,2025-08-14 16:00,2025-08-14 17:45,100.0,,2025-08-14 21:55,Актау,2026-09-11_0856_
ТК Актау,2025-08-13 06:20,2025-08-16 08:15,2025-08-16 09:45,60.0,,2025-08-16 23:00,Актау,2026-09-11_0856_
Бекет-Ата,2025-08-20 17:30,2025-08-20 18:00,2025-08-20 19:10,70.0,,2025-08-20 19:40,146 район,2026-09-11_0856_
Туркестан,2025-08-20 18:30,2025-08-22 21:25,2025-08-22 21:50,20.0,,2025-08-22 22:15,146 район,2026-09-11_0856_
Тараз,2025-08-25 07:00,2025-08-25 11:30,2025-08-25 16:10,75.481,,2025-08-26 09:10,Актау,2026-09-11_0856_
Туркестан,2025-08-24 11:40,2025-08-27 11:15,2025-08-27 12:30,70.0,,2025-08-27 19:05,Актау,2026-09-11_0856_
Тараз,2025-08-29 09:00,2025-09-04 09:25,2025-09-04 12:50,47.328,,2025-09-04 16:25,Актау,2026-09-11_0856_
GC Berkut,2025-09-02 05:10,2025-09-04 18:45,2025-09-04 20:15,100.0,,2025-09-06 13:55,Актау,2026-09-11_0856_
Лива,2025-09-05 16:10,2025-09-06 16:00,2025-09-06 20:00,72.774,,2025-09-07 11:05,Актау,2026-09-11_0856_
Сункар,2025-09-07 15:25,2025-09-08 15:45,2025-09-08 17:30,100.0,,2025-09-09 19:50,Актау,2026-09-11_0856_
ТК Актау,2025-09-06 14:00,2025-09-10 12:30,2025-09-10 13:45,80.0,,2025-09-10 16:30,Актау,2026-09-11_0856_
Астана,2025-09-08 17:30,2025-09-13 00:15,2025-09-13 01:15,40.0,,2025-09-13 06:15,Актау,2026-09-11_0856_
Барыс,2025-09-09 23:20,2025-09-11 19:15,2025-09-11 21:00,100.0,,2025-09-13 10:45,Актау,2026-09-11_0856_
Алматы,2025-09-16 20:00,2025-09-16 20:25,2025-09-16 21:10,30.0,,2025-09-16 21:30,146 район,2026-09-11_0856_
Алматы,2025-09-17 23:35,2025-09-19 21:15,2025-09-19 23:00,80.0,,2025-09-20 01:10,Актау,2026-09-11_0856_
ТК Актау,2025-09-17 18:10,2025-09-21 05:45,2025-09-21 07:15,80.0,,2025-09-21 11:30,Актау,2026-09-11_0856_
GC Berkut,2025-09-25 21:30,2025-09-26 21:15,2025-09-26 22:45,100.0,,2025-09-28 14:40,Актау,2026-09-11_0856_
Туркестан,2025-09-28 17:00,2025-09-28 17:35,2025-09-28 18:30,20.0,,2025-09-28 18:45,146 район,2026-09-11_0856_
Туркестан,2025-09-30 02:00,2025-10-02 04:45,2025-10-02 05:45,70.0,,2025-10-02 08:05,Актау,2026-09-11_0856_
Лива,2025-09-26 08:00,2025-10-02 11:50,2025-10-02 12:50,24.592,,2025-10-02 16:45,Актау,2026-09-11_0856_
Астана,2025-09-26 07:00,2025-10-03 13:30,2025-10-03 14:45,50.0,,2025-10-03 16:35,Актау,2026-09-11_0856_
Бекет-Ата,2025-10-07 13:30,2025-10-07 19:40,2025-10-07 20:45,70.0,,2025-10-07 21:10,146 район,2026-09-11_0856_
Лива,2025-10-08 11:00,2025-10-09 10:00,2025-10-09 11:00,24.592,,2025-10-10 14:40,Актау,2026-09-11_0856_
Тараз,2025-10-09 11:30,2025-10-10 18:45,2025-10-10 19:50,24.592,,2025-10-11 11:10,Актау,2026-09-11_0856_
Сункар,2025-10-11 11:40,2025-10-12 18:15,2025-10-12 20:00,70.0,,2025-10-12 22:10,Актау,2026-09-11_0856_
Лива,2025-10-13 11:30,2025-10-13 15:45,2025-10-13 17:00,40.0,,2025-10-14 19:55,Актау,2026-09-11_0856_
Тараз,2025-10-15 02:20,2025-10-15 18:35,2025-10-15 20:00,50.0,,2025-10-15 23:45,Актау,2026-09-11_0856_
Алматы,2025-10-16 03:40,2025-10-16 16:45,2025-10-16 18:00,60.0,,2025-10-16 21:15,Актау,2026-09-11_0856_
Туркестан,2025-10-13 22:40,2025-10-17 00:45,2025-10-17 01:45,70.0,,2025-10-17 04:25,Актау,2026-09-11_0856_
Астана,2025-10-14 08:10,2025-10-19 00:30,2025-10-19 02:00,45.0,,2025-10-19 07:10,Актау,2026-09-11_0856_
ТК Актау,2025-10-15 17:20,2025-10-19 04:30,2025-10-19 06:00,60.0,,2025-10-19 11:10,Актау,2026-09-11_0856_
GC Berkut,2025-10-21 11:00,2025-10-22 08:45,2025-10-22 10:15,70.0,,2025-10-23 09:35,Актау,2026-09-11_0856_
Бекет-Ата,2025-10-20 05:00,2025-10-23 17:00,2025-10-23 17:30,30.0,,2025-10-23 20:15,Актау,2026-09-11_0856_
Сункар,2025-10-26 20:00,2025-10-28 20:45,2025-10-28 22:00,70.0,,2025-10-28 23:55,Актау,2026-09-11_0856_
Тараз,2025-10-29 17:15,2025-10-30 20:00,2025-10-30 21:30,50.0,,2025-10-30 23:00,Актау,2026-09-11_0856_
ТК Актау,2025-10-31 06:20,2025-11-01 12:45,2025-11-01 14:15,80.0,,2025-11-01 17:15,Актау,2026-09-11_0856_
Астана,2025-10-26 19:00,2025-11-01 16:45,2025-11-01 17:45,50.0,,2025-11-01 22:00,Актау,2026-09-11_0856_
Лива,2025-10-28 15:10,2025-11-01 14:45,2025-11-01 16:00,60.0,,2025-11-01 22:20,Актау,2026-09-11_0856_
Алматы,2025-11-01 06:00,2025-11-04 05:45,2025-11-04 07:15,80.0,,2025-11-04 14:05,Актау,2026-09-11_0856_
GC Berkut,2025-11-03 21:15,2025-11-04 20:15,2025-11-04 21:30,70.0,,2025-11-05 19:25,Актау,2026-09-11_0856_
Туркестан,2025-11-05 18:00,2025-11-06 01:20,2025-11-06 01:50,20.0,,2025-11-06 02:15,146 район,2026-09-11_0856_
Бекет-Ата,2025-11-05 00:30,2025-11-07 18:45,2025-11-07 20:15,70.0,,2025-11-07 22:20,Актау,2026-09-11_0856_
Туркестан,2025-11-07 15:00,2025-11-08 23:45,2025-11-09 01:00,60.0,,2025-11-09 02:35,Актау,2026-09-11_0856_
Астана,2025-11-10 11:10,2025-11-12 02:30,2025-11-12 03:45,50.0,,2025-11-12 09:20,Актау,2026-09-11_0856_
Сункар,2025-11-10 08:30,2025-11-11 22:45,2025-11-12 00:15,70.0,,2025-11-12 18:50,Актау,2026-09-11_0856_
ТК Актау,2025-11-13 15:30,2025-11-14 20:00,2025-11-14 21:30,80.0,,2025-11-14 23:05,Актау,2026-09-11_0856_
Тараз,2025-11-16 21:00,2025-11-17 15:45,2025-11-17 17:00,50.0,,2025-11-17 20:10,Актау,2026-09-11_0856_
Бекет-Ата,2025-11-16 17:40,2025-11-18 20:15,2025-11-18 21:15,50.0,,2025-11-18 22:30,Актау,2026-09-11_0856_
Туркестан,2025-11-18 06:40,2025-11-19 08:15,2025-11-19 09:15,50.0,,2025-11-19 12:00,Актау,2026-09-11_0856_
Лива,2025-11-19 21:25,2025-11-20 14:25,2025-11-20 16:25,45.971,,2025-11-20 19:30,Актау,2026-09-11_0856_
Туркестан,2025-11-23 00:00,2025-11-23 00:25,2025-11-23 01:30,50.0,,2025-11-23 01:45,146 район,2026-09-11_0856_
Алматы,2025-11-26 14:00,2025-11-27 01:30,2025-11-27 02:30,40.0,,2025-11-27 07:05,Актау,2026-09-11_0856_
Астана,2025-11-27 04:30,2025-11-27 12:00,2025-11-27 13:10,60.0,,2025-11-27 13:30,146 район,2026-09-11_0856_
Сункар,2025-11-27 08:30,2025-11-28 07:15,2025-11-28 08:45,70.0,,2025-11-28 11:10,Актау,2026-09-11_0856_
Туркестан,2025-11-28 11:20,2025-11-28 11:30,2025-11-28 12:40,60.0,,2025-11-28 13:00,146 район,2026-09-11_0856_
Бекет-Ата,2025-11-28 23:00,2025-11-28 23:15,2025-11-29 00:15,80.0,,2025-11-29 00:30,146 район,2026-09-11_0856_
ТК Актау,2025-11-29 01:30,2025-11-29 01:45,2025-11-29 02:45,80.0,,2025-11-29 03:10,146 район,2026-09-11_0856_
Беркут,2025-11-28 05:00,2025-11-29 08:45,2025-11-29 10:15,58.0,,2025-11-29 12:50,Актау,2026-09-11_0856_
Барыс,2025-12-01 21:15,2025-12-03 13:30,2025-12-03 14:15,24.0,,2025-12-03 16:25,Актау,2026-09-11_0856_
Лива,2025-12-05 09:00,2025-12-05 12:45,2025-12-05 16:30,69.276,,2025-12-06 10:35,Актау,2026-09-11_0856_
Барыс,2025-12-07 12:30,2025-12-09 01:45,2025-12-09 02:45,30.0,,2025-12-09 18:30,Актау,2026-09-11_0856_
Астана,2025-12-10 15:00,2025-12-10 15:45,2025-12-10 17:10,70.0,,2025-12-10 17:30,146 район,2026-09-11_0856_
Туркестан,2025-12-09 17:00,2025-12-09 20:05,2025-12-09 21:20,70.0,,2025-12-10 21:35,146 район,2026-09-11_0856_
Тараз,2025-12-10 10:40,2025-12-10 13:50,2025-12-10 17:25,69.276,,2025-12-11 12:00,Актау,2026-09-11_0856_
Алматы,2025-12-11 16:00,2025-12-12 03:00,2025-12-12 04:15,40.0,,2025-12-12 11:00,Актау,2026-09-11_0856_
ТК Актау,2025-12-15 15:55,2025-12-16 10:25,2025-12-16 11:40,80.0,,2025-12-16 11:55,146 район,2026-09-11_0856_
GC Sunkar,2025-12-15 09:50,2025-12-16 12:30,2025-12-16 13:50,70.0,,2025-12-16 14:00,146 район,2026-09-11_0856_
Беркут,2025-12-12 17:10,2025-12-13 15:45,2025-12-13 16:15,15.0,,2025-12-18 05:55,Актау,2026-09-11_0856_
Алматы,2025-12-18 10:15,2025-12-18 22:00,2025-12-18 23:30,60.0,,2025-12-19 02:55,Актау,2026-09-11_0856_
Тараз,2025-12-25 10:30,2025-12-26 12:10,2025-12-26 17:30,61.32,,2025-12-26 19:40,Актау,2026-09-11_0856_
Астана,2025-12-24 18:20,2025-12-27 10:40,2025-12-27 12:40,46.148,8.0,2025-12-28 01:20,Актау,2026-09-11_0856_
Астана,2025-12-24 18:20,2025-12-27 19:15,2025-12-27 19:30,8.0,5.0,2025-12-28 01:20,Актау,2026-09-11_0856_
Бекет-Ата,2025-12-28 00:00,2025-12-28 12:50,2025-12-28 17:10,58.677,,2025-12-29 02:20,Актау,2026-09-11_0856_
Беркут,2025-12-28 03:30,2025-12-28 12:35,2025-12-28 15:15,58.677,,2025-12-29 18:35,Актау,2026-09-11_0856_
Лива,2025-12-29 18:00,2025-12-30 10:10,2025-12-30 16:10,73.248,,2025-12-30 17:50,Актау,2026-09-11_0856_
ТК Актау,2026-01-04 21:40,2026-01-06 10:00,2026-01-06 11:45,41.524,,2026-01-07 00:25,Актау,2026-09-11_0856_
Барыс,2026-01-07 07:15,2026-01-07 13:50,2026-01-07 16:30,34.968,,2026-01-08 23:05,Актау,2026-09-11_0856_
Астана,2026-01-07 21:50,2026-01-08 13:00,2026-01-08 14:20,34.968,,2026-01-10 21:55,Актау,2026-09-11_0856_
Беркут,2026-01-08 02:30,2026-01-09 12:40,2026-01-09 13:45,24.056,,2026-01-10 22:20,Актау,2026-09-11_0856_
ТК Актау,2026-01-11 06:20,2026-01-11 17:50,2026-01-11 20:00,69.49,,2026-01-12 23:20,Актау,2026-09-11_0856_
Алматы,2026-01-11 07:25,2026-01-13 17:45,2026-01-13 20:10,69.49,,2026-01-16 06:15,Актау,2026-09-11_0856_
Беркут,2026-01-16 15:15,2026-01-17 12:45,2026-01-17 14:30,60.583,,2026-01-18 07:55,Актау,2026-09-11_0856_
Астана,2026-01-16 17:00,2026-01-18 09:15,2026-01-18 12:20,71.733,,2026-01-19 01:15,Актау,2026-09-11_0856_
Тараз,2026-01-18 18:45,2026-01-19 11:15,2026-01-19 17:20,70.06,,2026-01-19 19:30,Актау,2026-09-11_0856_
Барыс,2026-01-17 11:45,2026-01-19 12:45,2026-01-19 16:00,60.583,,2026-01-21 19:20,Актау,2026-09-11_0856_
Бекет-Ата,2026-01-20 16:20,2026-01-21 12:30,2026-01-21 13:00,15.051,,2026-01-22 02:10,Актау,2026-09-11_0856_
Бекет-Ата,2026-01-22 02:50,2026-01-23 17:25,2026-01-23 19:50,70.459,,2026-01-24 22:40,Актау,2026-09-11_0856_
Лива,2026-01-24 13:40,2026-01-24 16:15,2026-01-24 20:50,71.11,,2026-01-25 12:10,Актау,2026-09-11_0856_
Сункар,2026-01-25 07:30,2026-01-26 11:05,2026-01-26 14:40,59.836,,2026-01-26 16:40,Актау,2026-09-11_0856_
ТК Актау,2026-01-26 16:40,2026-01-26 19:00,2026-01-26 21:30,70.017,,2026-01-27 23:40,Актау,2026-09-11_0856_
Астана,2026-01-29 13:45,2026-02-01 11:30,2026-02-01 15:10,79.472,,2026-02-02 11:10,Актау,2026-09-11_0856_
Алматы,2026-01-31 15:45,2026-02-02 15:20,2026-02-02 18:25,70.459,,2026-02-03 19:30,Актау,2026-09-11_0856_
Сункар,2026-02-02 01:40,2026-02-02 13:05,2026-02-02 18:20,61.806,,2026-02-05 14:50,Актау,2026-09-11_0856_
Беркут,2026-02-05 17:00,2026-02-06 15:45,2026-02-06 18:55,70.293,,2026-02-08 21:10,Актау,2026-09-11_0856_
ТК Актау,2026-02-06 18:50,2026-02-08 11:45,2026-02-08 15:00,81.541,,2026-02-09 10:40,Актау,2026-09-11_0856_
Барыс,2026-02-08 21:10,2026-02-09 12:30,2026-02-09 13:30,72.984,,2026-02-10 22:30,Актау,2026-09-11_0856_
Бекет-Ата,2026-02-12 13:30,2026-02-12 17:00,2026-02-12 19:00,61.919,,2026-02-15 23:05,Актау,2026-09-11_0856_
Алматы,2026-02-12 21:45,2026-02-14 16:30,2026-02-14 19:30,70.28,,2026-02-15 23:30,Актау,2026-09-11_0856_
Астана,2026-02-18 07:00,2026-02-18 18:35,2026-02-18 21:10,70.249,,2026-02-19 12:55,Актау,2026-09-11_0856_
Тараз,2026-02-19 03:00,2026-02-19 10:00,2026-02-19 14:50,91.296,,2026-02-20 13:15,Актау,2026-09-11_0856_
Сункар,2026-02-18 13:15,2026-02-19 10:20,2026-02-19 13:25,70.28,,2026-02-20 15:40,Актау,2026-09-11_0856_
Лива,2026-02-22 00:00,2026-02-22 13:50,2026-02-22 17:00,74.891,,2026-02-22 18:45,Актау,2026-09-11_0856_
ТК Актау,2026-02-25 10:00,2026-02-25 13:30,2026-02-25 16:20,81.288,,2026-02-26 06:55,Актау,2026-09-11_0856_
Беркут,2026-03-02 19:40,2026-03-03 12:35,2026-03-03 18:30,78.575,,2026-03-04 04:30,Актау,2026-09-11_0856_
Бекет-Ата,2026-03-03 22:30,2026-03-04 12:30,2026-03-04 14:35,71.929,,2026-03-05 06:00,Актау,2026-09-11_0856_
Туркестан,2026-03-05 05:35,2026-03-05 12:45,2026-03-05 14:10,32.65,,2026-03-05 21:40,Актау,2026-09-11_0856_
Барыс,2026-03-07 01:20,2026-03-07 12:45,2026-03-07 15:15,52.3,,2026-03-08 14:35,Актау,2026-09-11_0856_
Астана,2026-03-07 01:40,2026-03-10 10:20,2026-03-10 11:40,30.874,,2026-03-11 05:20,Актау,2026-09-11_0856_
ТК Актау,2026-03-10 03:00,2026-03-03 14:40,2026-03-13 16:00,40.0,,2026-03-13 18:20,Актау,2026-09-11_0856_
Алматы,2026-03-12 21:40,2026-03-13 16:30,2026-03-13 17:30,40.0,,2026-03-13 22:05,Актау,2026-09-11_0856_
Астана,2026-03-14 22:30,2026-03-17 11:45,2026-03-17 12:30,15.0,,2026-03-17 16:00,Актау,2026-09-11_0856_
Сункар,2026-03-14 13:45,2026-03-17 17:30,2026-03-17 18:15,25.0,,2026-03-17 22:15,Актау,2026-09-11_0856_
Лива,2026-03-17 17:00,2026-03-18 09:45,2026-03-18 13:00,71.929,,2026-03-18 15:30,Актау,2026-09-11_0856_
Тараз,2026-03-19 20:30,2026-03-20 10:30,2026-03-20 13:20,70.018,,2026-03-20 17:35,Актау,2026-09-11_0856_
Астана,2026-03-20 02:30,2026-03-22 09:35,2026-03-22 10:50,50.0,,2026-03-22 11:10,146 район,2026-09-11_0856_
Барыс,2026-03-22 00:00,2026-03-22 13:15,2026-03-22 14:05,50.0,,2026-03-22 14:35,146 район,2026-09-11_0856_
Сункар,2026-03-20 12:50,2026-03-22 14:50,2026-03-22 15:35,50.0,,2026-03-22 16:05,146 район,2026-09-11_0856_
ТК Актау,2026-03-22 01:55,2026-03-22 16:30,2026-03-22 17:45,50.0,,2026-03-22 23:20,Актау,2026-09-11_0856_
Беркут,2026-03-23 12:30,2026-03-23 13:00,2026-03-23 13:55,50.0,,2026-03-23 14:25,146 район,2026-09-11_0856_
Бекет-Ата,2026-03-24 04:50,2026-03-24 10:10,2026-03-24 11:00,50.0,,2026-03-24 11:40,146 район,2026-09-11_0856_
Алматы,2026-03-26 06:30,2026-03-26 22:30,2026-03-26 23:45,40.0,,2026-03-27 04:00,Актау,2026-09-11_0856_
ТК Актау,2026-03-30 04:05,2026-04-01 01:00,2026-04-01 02:00,80.0,,2026-04-01 02:40,146 район,2026-09-11_0856_
Туркестан,2026-04-03 08:00,2026-04-03 08:40,2026-04-03 09:15,65.0,,2026-04-03 11:05,146 район,2026-09-11_0856_
Барыс,2026-04-03 12:00,,,60.0,,,146 район,2026-04-03_1207_
Барыс,2026-04-03 12:25,2026-04-03 12:35,2026-04-03 13:15,55.0,,2026-04-03 13:50,146 район,2026-09-11_0856_
Астана,2026-04-04 22:00,2026-04-07 20:05,2026-04-07 21:00,60.0,,2026-04-07 21:25,146 район,2026-09-11_0856_
Бекет-Ата,2026-04-06 14:10,2026-04-07 21:50,2026-04-07 22:30,60.0,,2026-04-07 23:00,146 район,2026-09-11_0856_
Лива,2026-04-09 09:20,2026-04-09 14:20,2026-04-09 17:40,78.553,,2026-04-09 21:15,Актау,2026-09-11_0856_
Алматы,2026-04-07 18:00,2026-04-09 20:00,2026-04-09 21:15,50.0,,2026-04-09 23:40,Актау,2026-09-11_0856_
Сункар,2026-04-10 11:10,2026-04-10 11:45,2026-04-10 12:40,60.0,,2026-04-10 13:00,146 район,2026-09-11_0856_
Тараз,2026-04-09 22:10,2026-04-10 10:15,2026-04-10 10:55,28.0,,2026-04-10 15:05,Актау,2026-09-11_0856_
Беркут,2026-04-10 22:00,2026-04-10 22:30,2026-04-10 23:10,60.0,,2026-04-10 23:40,146 район,2026-09-11_0856_
Туркестан,2026-04-17 00:50,2026-04-18 12:45,2026-04-18 13:45,50.0,,2026-04-18 15:00,Актау,2026-09-11_0856_
ТК Актау,2026-04-16 22:35,2026-04-18 10:20,2026-04-18 11:30,50.0,,2026-04-18 15:40,Актау,2026-09-11_0856_
Бекет-Ата,2026-04-17 16:20,2026-04-21 04:30,2026-04-21 05:45,80.0,,2026-04-21 07:55,Актау,2026-09-11_0856_
Астана,2026-04-22 04:30,2026-04-22 05:20,2026-04-22 06:10,61.65,,2026-04-22 06:40,146 район,2026-09-11_0856_
Тараз,2026-04-21 19:30,2026-04-22 11:00,2026-04-22 12:00,20.0,,2026-04-22 15:45,Актау,2026-09-11_0856_
Барыс,2026-04-23 08:00,2026-04-24 17:15,2026-04-24 17:45,10.0,,2026-04-24 20:10,Актау,2026-09-11_0856_
Алматы,2026-04-27 20:00,2026-04-28 21:00,2026-04-28 21:45,22.495,,2026-04-28 23:50,Актау,2026-09-11_0856_
Тараз,2026-04-29 17:00,2026-04-30 13:30,2026-04-30 14:15,25.0,,2026-04-30 16:05,Актау,2026-09-11_0856_
Астана,2026-05-01 10:05,2026-05-01 10:45,2026-05-01 12:00,62.227,,2026-05-01 12:15,146 район,2026-09-11_0856_
Лива,2026-04-29 19:30,2026-04-30 19:15,2026-04-30 00:00,25.0,,2026-05-01 13:35,Актау,2026-09-11_0856_
Барыс,2026-04-30 17:50,2026-05-01 14:30,2026-05-01 15:15,30.0,,2026-05-01 17:10,Актау,2026-09-11_0856_
Алматы,2026-05-01 13:50,2026-05-02 01:00,2026-05-02 01:45,20.0,,2026-05-02 06:50,Актау,2026-09-11_0856_
Беркут,2026-05-01 08:30,2026-05-02 06:45,2026-05-02 07:20,30.0,,2026-05-02 11:00,Актау,2026-09-11_0856_
ТК Актау,2026-05-03 00:10,2026-05-03 12:00,2026-05-03 12:45,29.0,,2026-05-03 17:50,Актау,2026-09-11_0856_
Туркестан,2026-05-03 22:00,2026-05-05 08:30,2026-05-05 09:45,60.0,,2026-05-05 11:45,Актау,2026-09-11_0856_
Тараз,2026-05-05 04:30,2026-05-05 18:15,2026-05-05 19:45,50.0,,2026-05-05 23:50,Актау,2026-09-11_0856_
Алматы,2026-05-05 14:20,2026-05-06 10:00,2026-05-06 11:15,50.0,,2026-05-06 17:35,Актау,2026-09-11_0856_
ТК Актау,2026-05-06 17:10,2026-05-07 11:00,2026-05-07 12:00,50.0,,2026-05-07 14:50,Актау,2026-09-11_0856_
Барыс,2026-05-06 11:30,2026-05-08 16:15,2026-05-08 17:15,42.0,,2026-05-08 19:35,Актау,2026-09-11_0856_
Беркут,2026-05-07 09:00,2026-05-08 19:50,2026-05-08 20:45,42.851,,2026-05-08 22:30,Актау,2026-09-11_0856_
Сункар,2026-05-10 10:30,2026-05-11 05:05,2026-05-11 05:45,50.0,,2026-05-11 06:00,146 район,2026-09-11_0856_
Бекет-Ата,2026-05-11 06:00,2026-05-11 06:45,2026-05-11 07:05,30.0,,2026-05-11 07:25,146 район,2026-09-11_0856_
Лива,2026-05-12 08:00,2026-05-12 22:30,2026-05-12 23:45,50.0,,2026-05-13 19:50,Актау,2026-09-11_0856_
Астана,2026-05-14 08:30,2026-05-15 10:15,2026-05-15 11:15,40.0,,2026-05-15 16:00,Актау,2026-09-11_0856_
ТК Актау,2026-05-15 07:15,2026-05-16 04:00,2026-05-16 05:00,40.0,,2026-05-16 10:30,Актау,2026-09-11_0856_
Беркут,2026-05-13 09:50,2026-05-17 11:00,2026-05-17 12:00,40.0,,2026-05-17 14:20,Актау,2026-09-11_0856_
Барыс,2026-05-19 11:30,2026-05-21 00:00,2026-05-21 01:00,40.0,,2026-05-21 03:10,Актау,2026-09-11_0856_
Туркестан,2026-05-19 10:10,2026-05-21 05:15,2026-05-21 06:15,40.0,,2026-05-21 11:25,Актау,2026-09-11_0856_
Алматы,2026-05-21 14:10,2026-05-22 00:30,2026-05-22 01:45,50.0,,2026-05-22 07:05,Актау,2026-09-11_0856_
Бекет-Ата,2026-05-22 01:30,2026-05-23 18:30,2026-05-23 19:30,50.0,,2026-05-23 22:25,Актау,2026-09-11_0856_
Астана,2026-05-23 13:00,2026-05-24 06:30,2026-05-24 07:30,50.0,,2026-05-24 11:40,Актау,2026-09-11_0856_
ТК Актау,2026-05-25 17:08,2026-05-25 18:30,2026-05-25 19:30,50.0,,2026-05-25 20:00,146 район,2026-09-11_0856_
Тараз,2026-05-25 14:00,2026-05-25 18:30,2026-05-25 19:30,30.0,,2026-05-26 07:25,Актау,2026-09-11_0856_
Сункар,2026-05-25 14:30,2026-05-27 21:00,2026-05-27 22:00,40.0,,2026-05-27 23:45,Актау,2026-09-11_0856_
Беркут,2026-05-28 13:40,2026-05-29 03:15,2026-05-29 03:50,50.0,,2026-05-29 04:45,146 район,2026-09-11_0856_
Лива,2026-05-30 10:00,2026-06-01 00:45,2026-06-01 01:30,20.0,,2026-06-01 02:55,Актау,2026-09-11_0856_
Астана,2026-06-01 15:45,2026-06-02 22:45,2026-06-02 23:15,10.0,,2026-06-03 02:00,Актау,2026-09-11_0856_
Туркестан,2026-06-04 18:20,2026-06-05 04:10,2026-06-05 05:00,60.0,,2026-06-05 05:45,146 район,2026-09-11_0856_
Алматы,2026-06-04 14:40,2026-06-05 02:00,2026-06-05 03:00,15.0,,2026-06-05 06:50,Актау,2026-09-11_0856_
ТК Актау,2026-06-05 03:15,2026-06-05 06:15,2026-06-05 06:40,60.0,,2026-06-05 07:00,146 район,2026-09-11_0856_
Астана,2026-06-07 11:35,2026-06-07 12:25,2026-06-07 13:10,55.0,,2026-06-07 13:25,146 район,2026-09-11_0856_
Бекет-Ата,2026-06-07 12:45,2026-06-07 13:50,2026-06-07 14:20,60.0,,2026-06-07 14:30,146 район,2026-09-11_0856_
Алматы,2026-06-08 19:45,2026-06-09 06:45,2026-06-09 07:45,28.0,,2026-06-09 14:25,Актау,2026-09-11_0856_
Лива,2026-06-09 08:00,2026-06-09 21:15,2026-06-09 21:45,15.899,,2026-06-10 02:00,Актау,2026-09-11_0856_
Барыс,2026-06-10 07:30,2026-06-10 08:45,2026-06-10 09:30,60.0,,2026-06-10 09:45,146 район,2026-09-11_0856_
Тараз,2026-06-11 03:00,2026-06-11 03:50,2026-06-11 06:40,163.5,,2026-06-11 06:55,146 район,2026-09-11_0856_
Сункар,2026-06-11 21:00,2026-06-11 21:45,2026-06-11 22:25,60.0,,2026-06-11 22:45,146 район,2026-09-11_0856_
Лива,2026-06-12 23:00,2026-06-13 10:00,2026-06-13 11:00,24.338,,2026-06-14 06:40,Актау,2026-09-11_0856_
Беркут,2026-06-16 20:20,2026-06-16 20:55,2026-06-16 21:35,60.0,,2026-06-16 22:00,146 район,2026-09-11_0856_
Алматы,2026-06-16 08:00,2026-06-17 01:00,2026-06-17 02:00,50.0,,2026-06-17 07:15,Актау,2026-09-11_0856_
ТК Актау,2026-06-17 22:30,2026-06-17 23:00,2026-06-17 23:45,80.0,,2026-06-18 01:10,146 район,2026-09-11_0856_
Бекет-Ата,2026-06-17 04:50,2026-06-19 00:30,2026-06-19 01:15,40.0,,2026-06-19 02:20,Актау,2026-09-11_0856_
Лива,2026-06-18 17:45,2026-06-19 10:15,2026-06-19 11:30,30.0,,2026-06-19 15:15,Актау,2026-09-11_0856_
Астана,2026-06-19 15:10,2026-06-19 22:05,2026-06-19 23:20,40.0,,2026-06-19 23:40,146 район,2026-09-11_0856_
Туркестан,2026-06-20 18:45,2026-06-20 19:00,2026-06-20 20:00,45.0,,2026-06-20 20:25,146 район,2026-09-11_0856_
Барыс,2026-06-27 03:00,2026-06-27 03:25,2026-06-27 04:05,60.0,,2026-06-27 04:25,146 район,2026-09-11_0856_
ТК Актау,2026-06-27 03:55,2026-06-27 05:10,2026-06-27 06:15,60.0,,2026-06-27 06:20,146 район,2026-09-11_0856_
Сункар,2026-06-27 19:00,2026-06-29 00:00,2026-06-29 01:00,60.0,,2026-06-29 02:55,Актау,2026-09-11_0856_
Алматы,2026-06-30 18:30,2026-07-02 13:00,2026-07-02 14:15,50.0,,2026-07-02 17:50,Актау,2026-09-11_0856_
Бекет-Ата,2026-07-02 12:00,2026-07-02 22:00,2026-07-02 23:15,70.0,,2026-07-04 04:50,Актау,2026-09-11_0856_
Астана,2026-07-04 08:15,2026-07-04 12:35,2026-07-04 13:35,60.0,,2026-07-04 12:45,146 район,2026-09-11_0856_
Туркестан,2026-07-02 12:00,2026-07-02 23:45,2026-07-03 00:30,30.0,,2026-07-04 12:45,Актау,2026-09-11_0856_
Туркестан,2026-07-05 23:30,2026-07-06 00:30,2026-07-06 01:40,60.0,,2026-07-06 01:50,146 район,2026-09-11_0856_
Беркут,2026-07-06 07:40,2026-07-06 08:45,2026-07-06 09:40,60.0,,2026-07-06 10:15,146 район,2026-09-11_0856_
Лива,2026-07-06 18:20,2026-07-07 08:15,2026-07-07 09:30,50.0,,2026-07-07 16:05,Актау,2026-09-11_0856_
ТК Актау,2026-07-10 20:00,2026-07-10 20:35,2026-07-10 21:10,60.0,,2026-07-10 21:35,146 район,2026-09-11_0856_
Алматы,2026-07-16 10:00,2026-07-17 02:30,2026-07-17 03:45,50.0,,2026-07-17 14:40,Актау,2026-09-11_0856_
Астана,2026-07-17 20:30,2026-07-19 00:50,2026-07-19 01:55,60.0,,2026-07-19 02:10,146 район,2026-09-11_0856_
Бекет-Ата,2026-07-21 01:10,2026-07-24 15:35,2026-07-24 16:15,60.0,,2026-07-24 16:25,146 район,2026-09-11_0856_
Сункар,2026-07-21 08:30,2026-07-24 20:25,2026-07-24 21:10,70.0,,2026-07-24 21:25,146 район,2026-09-11_0856_
Барыс,2026-07-23 01:00,2026-07-24 22:00,2026-07-24 22:50,60.0,,2026-07-24 23:15,146 район,2026-09-11_0856_
ТК Актау,2026-07-25 08:00,2026-07-25 11:30,2026-07-25 12:15,60.0,,2026-07-25 12:25,146 район,2026-09-11_0856_
Лива,2026-07-25 03:00,2026-07-25 19:45,2026-07-25 20:30,24.319,,2026-07-26 10:40,Актау,2026-09-11_0856_
ТК Актау,2026-07-31 04:20,2026-07-31 20:15,2026-07-31 21:00,35.0,,2026-08-01 01:10,Актау,2026-09-11_0856_
Беркут,2026-07-27 01:30,2026-07-30 10:10,2026-07-30 11:40,50.0,,2026-08-01 17:35,Актау,2026-09-11_0856_
Лива,2026-07-31 12:45,2026-08-01 13:45,2026-08-01 15:00,20.0,,2026-08-01 17:50,Актау,2026-09-11_0856_
Туркестан,2026-07-31 06:20,2026-08-02 08:30,2026-08-02 09:15,35.0,,2026-08-02 11:00,Актау,2026-09-11_0856_
Астана,2026-08-01 09:45,2026-08-02 06:45,2026-08-02 07:30,35.0,,2026-08-02 11:50,Актау,2026-09-11_0856_
ТК Актау,2026-08-03 21:20,2026-08-03 22:10,2026-08-03 23:00,60.0,,2026-08-03 23:15,146 район,2026-09-11_0856_
Астана,2026-08-04 22:10,2026-08-04 23:00,2026-08-05 00:10,60.0,,2026-08-05 00:40,146 район,2026-09-11_0856_
Туркестан,2026-08-06 00:00,2026-08-06 00:30,2026-08-06 01:10,60.0,,2026-08-06 01:20,146 район,2026-09-11_0856_
Алматы,2026-08-05 08:00,2026-08-05 19:45,2026-08-05 20:30,28.0,,2026-08-06 01:20,Актау,2026-09-11_0856_
Лива,2026-08-07 11:00,2026-08-07 14:45,2026-08-07 15:45,28.0,,2026-08-08 04:55,Актау,2026-09-11_0856_
Сункар,2026-08-07 20:00,2026-08-07 20:15,2026-08-07 20:50,60.0,,2026-08-08 21:10,146 район,2026-09-11_0856_
Тараз,2026-08-08 15:00,2026-08-08 18:30,2026-08-08 19:15,25.0,,2026-08-09 11:15,Актау,2026-09-11_0856_
Бекет-Ата,2026-08-09 17:50,2026-08-09 18:50,2026-08-09 19:30,60.0,,2026-08-09 19:40,146 район,2026-09-11_0856_
Беркут,2026-08-11 05:00,2026-08-11 05:15,2026-08-11 06:00,57.0,,2026-08-11 06:20,146 район,2026-09-11_0856_
Алматы,2016-08-10 19:30,2026-08-11 22:15,2026-08-11 23:15,45.258,,2026-08-12 10:45,Актау,2026-09-11_0856_
ТК Актау,2026-08-15 10:30,2026-08-15 11:40,2026-08-15 12:10,32.0,,2026-08-15 13:00,146 район,2026-09-11_0856_
Барыс,2026-08-17 18:05,2026-08-18 22:20,2026-08-18 23:05,60.0,,2026-08-18 23:20,146 район,2026-09-11_0856_
Астана,2026-08-19 11:20,2026-08-19 12:00,2026-08-19 12:55,60.0,,2026-08-19 13:30,146 район,2026-09-11_0856_
Лива,2026-08-18 19:45,2026-08-18 23:30,2026-08-19 00:15,26.674,,2026-08-19 15:35,Актау,2026-09-11_0856_
Туркестан,2026-08-20 13:00,2026-08-20 13:25,2026-08-20 14:00,60.0,,2026-08-20 14:15,146 район,2026-09-11_0856_
Тараз,2026-08-19 19:30,2026-08-19 23:50,2026-08-20 00:30,25.0,,2026-08-20 14:35,Актау,2026-09-11_0856_
ТК Актау,2026-08-24 08:00,2026-08-24 10:00,2026-08-24 10:40,60.0,,2026-08-24 10:55,146 район,2026-09-11_0856_
Лива,2026-08-24 16:00,2026-08-25 12:45,2026-08-25 13:45,20.0,,2026-08-25 15:50,Актау,2026-09-11_0856_
Тараз,2026-08-24 21:30,2026-08-25 14:15,2026-08-25 15:00,20.0,,2026-08-25 17:50,Актау,2026-09-11_0856_
Бекет-Ата,2026-08-26 00:50,2026-08-26 01:15,2026-08-26 02:00,60.0,,2026-08-26 02:20,146 район,2026-09-11_0856_
Сункар,2026-08-26 03:50,2026-08-26 04:45,2026-08-26 06:55,60.0,,2026-08-26 06:15,146 район,2026-09-11_0856_
Алматы,2026-08-23 19:10,2026-08-27 07:15,2026-08-27 08:00,30.0,,2026-08-27 14:10,Актау,2026-09-11_0856_
Алматы,2026-09-03 22:00,2026-09-04 03:30,2026-09-04 04:30,60.0,,2026-09-04 05:20,146 район,2026-09-11_0856_
Астана,2026-09-03 19:00,2026-09-04 05:35,2026-09-04 06:35,60.0,,2026-09-04 06:45,146 район,2026-09-11_0856_
Беркут,2026-09-03 00:30,2026-09-04 06:15,2026-09-04 07:00,20.0,,2026-09-04 10:50,Актау,2026-09-11_0856_
Лива,2026-09-05 20:00,2026-09-06 12:15,2026-09-06 13:00,20.0,,2026-09-06 15:55,Актау,2026-09-11_0856_
Барыс,2026-09-06 22:45,,,60.0,,,146 район,2026-09-08_1431_
Беркут,2026-09-07 06:00,,,60.0,,,146 район,2026-09-08_1803_
Барыс,2026-09-06 22:45,2026-09-08 15:25,2026-09-08 16:15,60.0,,2026-09-08 16:45,146 район,2026-09-11_0856_
Беркут,2026-09-07 06:00,2026-09-08 17:00,2026-09-08 17:45,60.0,,2026-09-08 18:30,146 район,2026-09-11_0856_
Тараз,2026-09-08 20:00,,,20.0,,,Актау,2026-09-11_0856_
ТК Актау,2026-09-09 05:10,2026-09-09 06:20,2026-09-09 06:55,60.0,,2026-09-09 07:20,146 район,2026-09-11_0856_
Туркестан,2026-09-09 10:00,,,60.0,,,146 район,2026-09-09_1529_
Туркестан,2026-09-09 10:00,2026-09-09 11:45,2026-09-09 11:45,60.0,,2026-09-09 12:50,146 район,2026-09-11_0856_
